-- MySQL dump 10.13  Distrib 8.0.46, for Linux (x86_64)
--
-- Host: localhost    Database: tocadolobo
-- ------------------------------------------------------
-- Server version	8.0.46-0ubuntu0.24.04.3

/*!40101 SET @OLD_CHARACTER_SET_CLIENT=@@CHARACTER_SET_CLIENT */;
/*!40101 SET @OLD_CHARACTER_SET_RESULTS=@@CHARACTER_SET_RESULTS */;
/*!40101 SET @OLD_COLLATION_CONNECTION=@@COLLATION_CONNECTION */;
/*!50503 SET NAMES utf8mb4 */;
/*!40103 SET @OLD_TIME_ZONE=@@TIME_ZONE */;
/*!40103 SET TIME_ZONE='+00:00' */;
/*!40014 SET @OLD_UNIQUE_CHECKS=@@UNIQUE_CHECKS, UNIQUE_CHECKS=0 */;
/*!40014 SET @OLD_FOREIGN_KEY_CHECKS=@@FOREIGN_KEY_CHECKS, FOREIGN_KEY_CHECKS=0 */;
/*!40101 SET @OLD_SQL_MODE=@@SQL_MODE, SQL_MODE='NO_AUTO_VALUE_ON_ZERO' */;
/*!40111 SET @OLD_SQL_NOTES=@@SQL_NOTES, SQL_NOTES=0 */;

--
-- Table structure for table `categorias`
--

DROP TABLE IF EXISTS `categorias`;
/*!40101 SET @saved_cs_client     = @@character_set_client */;
/*!50503 SET character_set_client = utf8mb4 */;
CREATE TABLE `categorias` (
  `id` int NOT NULL AUTO_INCREMENT,
  `nome` varchar(100) COLLATE utf8mb4_unicode_ci DEFAULT NULL,
  PRIMARY KEY (`id`),
  UNIQUE KEY `ix_categorias_nome` (`nome`),
  KEY `ix_categorias_id` (`id`)
) ENGINE=InnoDB AUTO_INCREMENT=5 DEFAULT CHARSET=utf8mb4 COLLATE=utf8mb4_unicode_ci;
/*!40101 SET character_set_client = @saved_cs_client */;

--
-- Dumping data for table `categorias`
--

LOCK TABLES `categorias` WRITE;
/*!40000 ALTER TABLE `categorias` DISABLE KEYS */;
INSERT INTO `categorias` VALUES (1,'Bebidas'),(3,'Extras'),(4,'Ficha'),(2,'Porções e Cozinha');
/*!40000 ALTER TABLE `categorias` ENABLE KEYS */;
UNLOCK TABLES;

--
-- Table structure for table `comandas`
--

DROP TABLE IF EXISTS `comandas`;
/*!40101 SET @saved_cs_client     = @@character_set_client */;
/*!50503 SET character_set_client = utf8mb4 */;
CREATE TABLE `comandas` (
  `id` int NOT NULL AUTO_INCREMENT,
  `numero` int DEFAULT NULL,
  `cliente` varchar(255) COLLATE utf8mb4_unicode_ci DEFAULT NULL,
  `mesa` varchar(50) COLLATE utf8mb4_unicode_ci DEFAULT NULL,
  `status` varchar(50) COLLATE utf8mb4_unicode_ci DEFAULT NULL,
  `data_abertura` datetime DEFAULT NULL,
  `data_aguardando` datetime DEFAULT NULL,
  `data_fechamento` datetime DEFAULT NULL,
  `total` float DEFAULT NULL,
  `forma_pagamento` varchar(50) COLLATE utf8mb4_unicode_ci DEFAULT NULL,
  PRIMARY KEY (`id`),
  UNIQUE KEY `ix_comandas_numero` (`numero`),
  KEY `ix_comandas_id` (`id`)
) ENGINE=InnoDB AUTO_INCREMENT=20 DEFAULT CHARSET=utf8mb4 COLLATE=utf8mb4_unicode_ci;
/*!40101 SET character_set_client = @saved_cs_client */;

--
-- Dumping data for table `comandas`
--

LOCK TABLES `comandas` WRITE;
/*!40000 ALTER TABLE `comandas` DISABLE KEYS */;
INSERT INTO `comandas` VALUES (12,1,'TANQUE','1','fechada','2026-05-28 16:53:28',NULL,'2026-05-28 16:53:42',41,'pix'),(13,2,'Rafa','1','fechada','2026-05-29 08:47:24',NULL,'2026-05-29 08:49:21',0,'pix'),(14,3,'Ana','1','fechada','2026-05-29 08:48:18',NULL,'2026-05-29 08:49:41',44,'pix'),(15,4,'GAMBI','1','fechada','2026-05-29 12:42:19',NULL,'2026-05-29 12:42:53',45,'pix'),(16,5,'GAMBI','1','fechada','2026-05-30 17:49:39',NULL,'2026-05-30 17:50:29',27,'pix'),(17,6,'TANQUE','2','fechada','2026-06-01 12:41:01',NULL,'2026-06-01 12:43:04',16.5,'pix'),(18,7,'Ana','1','fechada','2026-06-01 13:47:14',NULL,'2026-06-14 19:36:34',30,'pix'),(19,8,'TANQUE','1','fechada','2026-06-15 12:10:55',NULL,'2026-06-30 16:53:39',55,'pix');
/*!40000 ALTER TABLE `comandas` ENABLE KEYS */;
UNLOCK TABLES;

--
-- Table structure for table `configuracoes`
--

DROP TABLE IF EXISTS `configuracoes`;
/*!40101 SET @saved_cs_client     = @@character_set_client */;
/*!50503 SET character_set_client = utf8mb4 */;
CREATE TABLE `configuracoes` (
  `id` int NOT NULL AUTO_INCREMENT,
  `chave` varchar(100) COLLATE utf8mb4_unicode_ci DEFAULT NULL,
  `valor` varchar(255) COLLATE utf8mb4_unicode_ci DEFAULT NULL,
  PRIMARY KEY (`id`),
  UNIQUE KEY `ix_configuracoes_chave` (`chave`),
  KEY `ix_configuracoes_id` (`id`)
) ENGINE=InnoDB AUTO_INCREMENT=8 DEFAULT CHARSET=utf8mb4 COLLATE=utf8mb4_unicode_ci;
/*!40101 SET character_set_client = @saved_cs_client */;

--
-- Dumping data for table `configuracoes`
--

LOCK TABLES `configuracoes` WRITE;
/*!40000 ALTER TABLE `configuracoes` DISABLE KEYS */;
INSERT INTO `configuracoes` VALUES (1,'hora_inicio','11:00'),(2,'hora_fim','04:00'),(3,'senha_sistema','toca@2026**'),(4,'senha_manutencao','toca@2026**'),(5,'nome_estabelecimento','Toca do Lobo'),(6,'endereco_estabelecimento','Rua Paulo Horneaux de Moura 639'),(7,'telefone_estabelecimento','13 982224243');
/*!40000 ALTER TABLE `configuracoes` ENABLE KEYS */;
UNLOCK TABLES;

--
-- Table structure for table `dispositivos_esp32`
--

DROP TABLE IF EXISTS `dispositivos_esp32`;
/*!40101 SET @saved_cs_client     = @@character_set_client */;
/*!50503 SET character_set_client = utf8mb4 */;
CREATE TABLE `dispositivos_esp32` (
  `id` int NOT NULL AUTO_INCREMENT,
  `nome` varchar(100) COLLATE utf8mb4_unicode_ci NOT NULL,
  `mac_address` varchar(50) COLLATE utf8mb4_unicode_ci NOT NULL,
  `ip_local` varchar(50) COLLATE utf8mb4_unicode_ci DEFAULT NULL,
  `impressora_ip` varchar(50) COLLATE utf8mb4_unicode_ci DEFAULT NULL,
  `impressora_porta` int DEFAULT NULL,
  `intervalo_verificacao` int DEFAULT NULL,
  `status` varchar(20) COLLATE utf8mb4_unicode_ci DEFAULT NULL,
  `ultima_comunicacao` datetime DEFAULT NULL,
  `data_criacao` datetime DEFAULT NULL,
  PRIMARY KEY (`id`),
  UNIQUE KEY `ix_dispositivos_esp32_mac_address` (`mac_address`),
  KEY `ix_dispositivos_esp32_id` (`id`)
) ENGINE=InnoDB AUTO_INCREMENT=2 DEFAULT CHARSET=utf8mb4 COLLATE=utf8mb4_unicode_ci;
/*!40101 SET character_set_client = @saved_cs_client */;

--
-- Dumping data for table `dispositivos_esp32`
--

LOCK TABLES `dispositivos_esp32` WRITE;
/*!40000 ALTER TABLE `dispositivos_esp32` DISABLE KEYS */;
INSERT INTO `dispositivos_esp32` VALUES (1,'ESP32-EPSONTM20','68:09:47:27:2C:10','192.168.88.33','192.168.88.29',9100,5000,'online','2026-06-15 12:55:42','2026-06-14 19:15:56');
/*!40000 ALTER TABLE `dispositivos_esp32` ENABLE KEYS */;
UNLOCK TABLES;

--
-- Table structure for table `fechamentos`
--

DROP TABLE IF EXISTS `fechamentos`;
/*!40101 SET @saved_cs_client     = @@character_set_client */;
/*!50503 SET character_set_client = utf8mb4 */;
CREATE TABLE `fechamentos` (
  `id` int NOT NULL AUTO_INCREMENT,
  `data_inicio` datetime DEFAULT NULL,
  `data_fim` datetime DEFAULT NULL,
  `total_vendido` float DEFAULT NULL,
  `dados_json` text COLLATE utf8mb4_unicode_ci,
  PRIMARY KEY (`id`),
  KEY `ix_fechamentos_id` (`id`)
) ENGINE=InnoDB DEFAULT CHARSET=utf8mb4 COLLATE=utf8mb4_unicode_ci;
/*!40101 SET character_set_client = @saved_cs_client */;

--
-- Dumping data for table `fechamentos`
--

LOCK TABLES `fechamentos` WRITE;
/*!40000 ALTER TABLE `fechamentos` DISABLE KEYS */;
/*!40000 ALTER TABLE `fechamentos` ENABLE KEYS */;
UNLOCK TABLES;

--
-- Table structure for table `fila_impressao`
--

DROP TABLE IF EXISTS `fila_impressao`;
/*!40101 SET @saved_cs_client     = @@character_set_client */;
/*!50503 SET character_set_client = utf8mb4 */;
CREATE TABLE `fila_impressao` (
  `id` int NOT NULL AUTO_INCREMENT,
  `tipo` varchar(50) COLLATE utf8mb4_unicode_ci DEFAULT NULL,
  `dados_escpos` text COLLATE utf8mb4_unicode_ci,
  `status` varchar(50) COLLATE utf8mb4_unicode_ci DEFAULT NULL,
  `data_criacao` datetime DEFAULT NULL,
  `data_impressao` datetime DEFAULT NULL,
  `tentativas` int DEFAULT NULL,
  PRIMARY KEY (`id`),
  KEY `ix_fila_impressao_id` (`id`)
) ENGINE=InnoDB AUTO_INCREMENT=12 DEFAULT CHARSET=utf8mb4 COLLATE=utf8mb4_unicode_ci;
/*!40101 SET character_set_client = @saved_cs_client */;

--
-- Dumping data for table `fila_impressao`
--

LOCK TABLES `fila_impressao` WRITE;
/*!40000 ALTER TABLE `fila_impressao` DISABLE KEYS */;
INSERT INTO `fila_impressao` VALUES (1,'comanda','G0AbYQEbRQE9PT09PT09PT09PT09PT09PT09PT09PT09PT09PT0KUkVTVU1PIERBIENPTUFOREEKPT09PT09PT09PT09PT09PT09PT09PT09PT09PT09ChtFABthAENvbWFuZGE6ICM3CkNsaWVudGU6IEFuYQpEYXRhOiAxNC8wNi8yMDI2IDE5OjE2ClN0YXR1czogQUJFUlRBCi0tLS0tLS0tLS0tLS0tLS0tLS0tLS0tLS0tLS0tLQpJdGVtICAgICAgICAgICAgICAgICAgICAgICAgICAgUXRkICAgVG90YWwKQ2FsZG8gZGUgTW9jb3SiICAgICAgICAgICAgICAgICAxICBSJCAgIDEwLDAwCkNhbGRvIFZlcmRlICAgICAgICAgICAgICAgICAgICAgMSAgUiQgICAxMCwwMApDRVJWRUpBIEhFSU5FS0VOIExBVEEgMzUwTUwgICAgIDEgIFIkICAgMTAsMDAKLS0tLS0tLS0tLS0tLS0tLS0tLS0tLS0tLS0tLS0tChtFARshEVRvdGFsOiBSJCAzMCwwMAobIQBQYWdhbWVudG86IE1BUkNBRE8KG0UAG2EBPT09PT09PT09PT09PT09PT09PT09PT09PT09PT09Ch1WQQA=','imprimindo','2026-06-14 19:16:51',NULL,1),(2,'fechamento','G0AbYQEbRQE9PT09PT09PT09PT09PT09PT09PT09PT09PT09PT0KUkVMQVRPUklPIERFIFBFUklPRE8KPT09PT09PT09PT09PT09PT09PT09PT09PT09PT09ChtFABthAEluaWNpbzogMjAyNi0wNi0xNApGaW06ICAgIDIwMjYtMDYtMTQKLS0tLS0tLS0tLS0tLS0tLS0tLS0tLS0tLS0tLS0tCkl0ZW0gICAgICAgICAgICAgICAgICAgICAgICAgICBRdGQgICBUb3RhbAotLS0tLS0tLS0tLS0tLS0tLS0tLS0tLS0tLS0tLS0KG0UBGyERVE9UQUwgR0VSQUw6IFIkIDAsMDAKGyEAG0UAG2EBPT09PT09PT09PT09PT09PT09PT09PT09PT09PT09Ch1WQQA=','imprimindo','2026-06-14 19:17:47',NULL,1),(3,'fechamento','G0AbYQEbRQE9PT09PT09PT09PT09PT09PT09PT09PT09PT09PT0KUkVMQVRPUklPIERFIFBFUklPRE8KPT09PT09PT09PT09PT09PT09PT09PT09PT09PT09ChtFABthAEluaWNpbzogMjAyNi0wNi0xNApGaW06ICAgIDIwMjYtMDYtMTQKLS0tLS0tLS0tLS0tLS0tLS0tLS0tLS0tLS0tLS0tCkl0ZW0gICAgICAgICAgICAgICAgICAgICAgICAgICBRdGQgICBUb3RhbAotLS0tLS0tLS0tLS0tLS0tLS0tLS0tLS0tLS0tLS0KG0UBGyERVE9UQUwgR0VSQUw6IFIkIDAsMDAKGyEAG0UAG2EBPT09PT09PT09PT09PT09PT09PT09PT09PT09PT09Ch1WQQA=','imprimindo','2026-06-14 19:21:21',NULL,1),(4,'fechamento','G0AbYQEbRQE9PT09PT09PT09PT09PT09PT09PT09PT09PT09PT0KUkVMQVRPUklPIERFIFBFUklPRE8KPT09PT09PT09PT09PT09PT09PT09PT09PT09PT09ChtFABthAEluaWNpbzogMjAyNi0wNi0xNApGaW06ICAgIDIwMjYtMDYtMTQKLS0tLS0tLS0tLS0tLS0tLS0tLS0tLS0tLS0tLS0tCkl0ZW0gICAgICAgICAgICAgICAgICAgICAgICAgICBRdGQgICBUb3RhbAotLS0tLS0tLS0tLS0tLS0tLS0tLS0tLS0tLS0tLS0KG0UBGyERVE9UQUwgR0VSQUw6IFIkIDAsMDAKGyEAG0UAG2EBPT09PT09PT09PT09PT09PT09PT09PT09PT09PT09Ch1WQQA=','imprimindo','2026-06-14 19:24:54',NULL,1),(5,'fechamento','G0AbYQEbRQE9PT09PT09PT09PT09PT09PT09PT09PT09PT09PT0KUkVMQVRPUklPIERFIFBFUklPRE8KPT09PT09PT09PT09PT09PT09PT09PT09PT09PT09ChtFABthAEluaWNpbzogMjAyNi0wNi0xNApGaW06ICAgIDIwMjYtMDYtMTQKLS0tLS0tLS0tLS0tLS0tLS0tLS0tLS0tLS0tLS0tCkl0ZW0gICAgICAgICAgICAgICAgICAgICAgICAgICBRdGQgICBUb3RhbAotLS0tLS0tLS0tLS0tLS0tLS0tLS0tLS0tLS0tLS0KG0UBGyERVE9UQUwgR0VSQUw6IFIkIDAsMDAKGyEAG0UAG2EBPT09PT09PT09PT09PT09PT09PT09PT09PT09PT09Ch1WQQA=','imprimindo','2026-06-14 19:25:28',NULL,1),(6,'fechamento','G0AbYQEbRQE9PT09PT09PT09PT09PT09PT09PT09PT09PT09PT0KUkVMQVRPUklPIERFIFBFUklPRE8KPT09PT09PT09PT09PT09PT09PT09PT09PT09PT09ChtFABthAEluaWNpbzogMjAyNi0wNi0xNApGaW06ICAgIDIwMjYtMDYtMTQKLS0tLS0tLS0tLS0tLS0tLS0tLS0tLS0tLS0tLS0tCkl0ZW0gICAgICAgICAgICAgICAgICAgICAgICAgICBRdGQgICBUb3RhbAotLS0tLS0tLS0tLS0tLS0tLS0tLS0tLS0tLS0tLS0KG0UBGyERVE9UQUwgR0VSQUw6IFIkIDAsMDAKGyEAG0UAG2EBPT09PT09PT09PT09PT09PT09PT09PT09PT09PT09Ch1WQQA=','concluido','2026-06-14 19:34:59','2026-06-14 19:35:11',1),(7,'fechamento','G0AbYQEbRQE9PT09PT09PT09PT09PT09PT09PT09PT09PT09PT0KUkVMQVRPUklPIERFIFBFUklPRE8KPT09PT09PT09PT09PT09PT09PT09PT09PT09PT09ChtFABthAEluaWNpbzogMjAyNi0wNi0xNApGaW06ICAgIDIwMjYtMDYtMTQKLS0tLS0tLS0tLS0tLS0tLS0tLS0tLS0tLS0tLS0tCkl0ZW0gICAgICAgICAgICAgICAgICAgICAgICAgICBRdGQgICBUb3RhbAotLS0tLS0tLS0tLS0tLS0tLS0tLS0tLS0tLS0tLS0KG0UBGyERVE9UQUwgR0VSQUw6IFIkIDAsMDAKGyEAG0UAG2EBPT09PT09PT09PT09PT09PT09PT09PT09PT09PT09Ch1WQQA=','concluido','2026-06-14 19:35:33','2026-06-14 19:35:38',1),(8,'comanda','G0AbYQEbRQE9PT09PT09PT09PT09PT09PT09PT09PT09PT09PT0KUkVTVU1PIERBIENPTUFOREEKPT09PT09PT09PT09PT09PT09PT09PT09PT09PT09ChtFABthAENvbWFuZGE6ICM3CkNsaWVudGU6IEFuYQpEYXRhOiAxNC8wNi8yMDI2IDE5OjM2ClN0YXR1czogQUJFUlRBCi0tLS0tLS0tLS0tLS0tLS0tLS0tLS0tLS0tLS0tLQpJdGVtICAgICAgICAgICAgICAgICAgICAgICAgICAgUXRkICAgVG90YWwKQ2FsZG8gZGUgTW9jb3SiICAgICAgICAgICAgICAgICAxICBSJCAgIDEwLDAwCkNhbGRvIFZlcmRlICAgICAgICAgICAgICAgICAgICAgMSAgUiQgICAxMCwwMApDRVJWRUpBIEhFSU5FS0VOIExBVEEgMzUwTUwgICAgIDEgIFIkICAgMTAsMDAKLS0tLS0tLS0tLS0tLS0tLS0tLS0tLS0tLS0tLS0tChtFARshEVRvdGFsOiBSJCAzMCwwMAobIQBQYWdhbWVudG86IE1BUkNBRE8KG0UAG2EBPT09PT09PT09PT09PT09PT09PT09PT09PT09PT09Ch1WQQA=','concluido','2026-06-14 19:36:10','2026-06-14 19:36:10',1),(9,'fechamento','G0AbYQEbRQE9PT09PT09PT09PT09PT09PT09PT09PT09PT09PT0KUkVMQVRPUklPIERFIFBFUklPRE8KPT09PT09PT09PT09PT09PT09PT09PT09PT09PT09ChtFABthAEluaWNpbzogMjAyNi0wNi0xNApGaW06ICAgIDIwMjYtMDYtMTQKLS0tLS0tLS0tLS0tLS0tLS0tLS0tLS0tLS0tLS0tCkl0ZW0gICAgICAgICAgICAgICAgICAgICAgICAgICBRdGQgICBUb3RhbApDYWxkbyBkZSBNb2NvdKIgICAgICAgICAgICAgICAgIDEgIFIkICAgMTAsMDAKQ2FsZG8gVmVyZGUgICAgICAgICAgICAgICAgICAgICAxICBSJCAgIDEwLDAwCkNFUlZFSkEgSEVJTkVLRU4gTEFUQSAzNTBNTCAgICAgMSAgUiQgICAxMCwwMAotLS0tLS0tLS0tLS0tLS0tLS0tLS0tLS0tLS0tLS0KG0UBGyERVE9UQUwgR0VSQUw6IFIkIDMwLDAwChshABtFABthAT09PT09PT09PT09PT09PT09PT09PT09PT09PT09PQodVkEA','concluido','2026-06-14 20:04:50','2026-06-14 20:04:52',1),(10,'cozinha','G0AbYQEbRQEbIRE9PT09PT09PT09PT09PT09PT09PT09PT09PT09PT0KQ09NQU5EQSBDT1pJTkhBCj09PT09PT09PT09PT09PT09PT09PT09PT09PT09PQobRQAbIQAbYQBDbGllbnRlOiBUQU5RVUUKQ29tYW5kYTogIzgKRGF0YTogMTUvMDYvMjAyNiAxMjoxMQotLS0tLS0tLS0tLS0tLS0tLS0tLS0tLS0tLS0tLS0KMXggUGFzdGVsIGRlIFF1ZWlqbwoxeCBCYXRhdGEgRnJpdGEgR3JhbmRlChthAT09PT09PT09PT09PT09PT09PT09PT09PT09PT09PQodVkEA','concluido','2026-06-15 12:11:03','2026-06-15 12:11:13',1),(11,'comanda','G0AbYQEbRQE9PT09PT09PT09PT09PT09PT09PT09PT09PT09PT0KUkVTVU1PIERBIENPTUFOREEKPT09PT09PT09PT09PT09PT09PT09PT09PT09PT09ChtFABthAENvbWFuZGE6ICM4CkNsaWVudGU6IFRBTlFVRQpEYXRhOiAxNS8wNi8yMDI2IDEyOjExClN0YXR1czogQUdVQVJEQU5ETyBDT1pJTkhBCi0tLS0tLS0tLS0tLS0tLS0tLS0tLS0tLS0tLS0tLQpJdGVtICAgICAgICAgICAgICAgICAgICAgICAgICAgUXRkICAgVG90YWwKRU5FUkdFVElDTyBSRUQgQlVMTCBFTkVSR1kgRC4uICAxICBSJCAgIDEyLDAwCkFHVUEgTUlORVJBTCBDUllTVEFMIFNFTSBHQVMuLiAgMSAgUiQgICAgNSwwMApSRUZSSUdFUkFOVEUgQ09DQSBDT0xBIFpFUk8gLi4gIDEgIFIkICAgIDgsMDAKUGFzdGVsIGRlIFF1ZWlqbyAgICAgICAgICAgICAgICAxICBSJCAgIDEwLDAwCkJhdGF0YSBGcml0YSBHcmFuZGUgICAgICAgICAgICAgMSAgUiQgICAyMCwwMAotLS0tLS0tLS0tLS0tLS0tLS0tLS0tLS0tLS0tLS0KG0UBGyERVG90YWw6IFIkIDU1LDAwChshAFBhZ2FtZW50bzogTi9BChtFABthAT09PT09PT09PT09PT09PT09PT09PT09PT09PT09PQodVkEA','concluido','2026-06-15 12:11:22','2026-06-15 12:11:24',1);
/*!40000 ALTER TABLE `fila_impressao` ENABLE KEYS */;
UNLOCK TABLES;

--
-- Table structure for table `itens_comanda`
--

DROP TABLE IF EXISTS `itens_comanda`;
/*!40101 SET @saved_cs_client     = @@character_set_client */;
/*!50503 SET character_set_client = utf8mb4 */;
CREATE TABLE `itens_comanda` (
  `id` int NOT NULL AUTO_INCREMENT,
  `comanda_id` int DEFAULT NULL,
  `produto_id` int DEFAULT NULL,
  `quantidade` int DEFAULT NULL,
  `observacao` text COLLATE utf8mb4_unicode_ci,
  `entregue` tinyint(1) DEFAULT NULL,
  PRIMARY KEY (`id`),
  KEY `comanda_id` (`comanda_id`),
  KEY `produto_id` (`produto_id`),
  KEY `ix_itens_comanda_id` (`id`),
  CONSTRAINT `itens_comanda_ibfk_1` FOREIGN KEY (`comanda_id`) REFERENCES `comandas` (`id`),
  CONSTRAINT `itens_comanda_ibfk_2` FOREIGN KEY (`produto_id`) REFERENCES `produtos` (`id`)
) ENGINE=InnoDB AUTO_INCREMENT=66 DEFAULT CHARSET=utf8mb4 COLLATE=utf8mb4_unicode_ci;
/*!40101 SET character_set_client = @saved_cs_client */;

--
-- Dumping data for table `itens_comanda`
--

LOCK TABLES `itens_comanda` WRITE;
/*!40000 ALTER TABLE `itens_comanda` DISABLE KEYS */;
INSERT INTO `itens_comanda` VALUES (41,12,22,1,'',0),(42,12,22,1,'',0),(43,12,23,1,'',0),(44,12,8,1,'',1),(45,14,20,1,'',0),(46,14,20,1,'',0),(47,14,21,1,'',0),(48,14,9,1,'',1),(49,15,8,1,'',1),(50,15,20,1,'',0),(51,15,22,1,'',0),(52,15,23,1,'',0),(53,16,20,1,'',0),(54,16,21,1,'',0),(55,16,8,1,'',1),(56,17,31,1,'',0),(57,17,33,1,'',1),(58,18,32,1,'',1),(59,18,33,1,'',1),(60,18,30,1,'',0),(61,19,20,1,'',0),(62,19,21,1,'',0),(63,19,25,1,'',0),(64,19,17,1,'',1),(65,19,18,1,'',1);
/*!40000 ALTER TABLE `itens_comanda` ENABLE KEYS */;
UNLOCK TABLES;

--
-- Table structure for table `logs`
--

DROP TABLE IF EXISTS `logs`;
/*!40101 SET @saved_cs_client     = @@character_set_client */;
/*!50503 SET character_set_client = utf8mb4 */;
CREATE TABLE `logs` (
  `id` int NOT NULL AUTO_INCREMENT,
  `usuario` varchar(100) COLLATE utf8mb4_unicode_ci DEFAULT NULL,
  `acao` varchar(100) COLLATE utf8mb4_unicode_ci DEFAULT NULL,
  `descricao` text COLLATE utf8mb4_unicode_ci,
  `data` datetime DEFAULT NULL,
  PRIMARY KEY (`id`),
  KEY `ix_logs_id` (`id`)
) ENGINE=InnoDB AUTO_INCREMENT=409 DEFAULT CHARSET=utf8mb4 COLLATE=utf8mb4_unicode_ci;
/*!40101 SET character_set_client = @saved_cs_client */;

--
-- Dumping data for table `logs`
--

LOCK TABLES `logs` WRITE;
/*!40000 ALTER TABLE `logs` DISABLE KEYS */;
INSERT INTO `logs` VALUES (334,'RTSYSTEM','manutencao','Limpou todo o histórico de logs','2026-05-28 16:54:33'),(335,'RTSYSTEM','manutencao','Alterou configurações da impressora','2026-05-28 17:09:08'),(336,'RTSYSTEM','manutencao','Editou produto: Pastel de Carne -> Pastel de Carne','2026-05-28 17:56:49'),(337,'RTSYSTEM','login','Login via Senha Master','2026-05-28 18:09:39'),(338,'ADM','login_falho','Tentativa de login com senha incorreta','2026-05-29 08:46:10'),(339,'ADM','login_falho','Tentativa de login com senha incorreta','2026-05-29 08:46:13'),(340,'ADM','login_falho','Tentativa de login com senha incorreta','2026-05-29 08:46:15'),(341,'ADM','login','Login via Senha Master','2026-05-29 08:46:19'),(342,'RTSYSTEM','manutencao','Atualizou usuário: ADM','2026-05-29 08:46:54'),(343,'ADM','login','Login realizado com sucesso','2026-05-29 08:47:07'),(344,'ADM','venda','Abriu comanda #2 para Rafa','2026-05-29 08:47:24'),(345,'ADM','login','Login realizado com sucesso','2026-05-29 08:48:05'),(346,'ADM','venda','Abriu comanda #3 para Ana','2026-05-29 08:48:18'),(347,'ADM','venda','Adicionou 1x ENERGETICO RED BULL ENERGY DRINK 250M na comanda #3','2026-05-29 08:48:40'),(348,'ADM','venda','Adicionou 1x ENERGETICO RED BULL ENERGY DRINK 250M na comanda #3','2026-05-29 08:48:42'),(349,'ADM','venda','Adicionou 1x AGUA MINERAL CRYSTAL SEM GAS 500ML na comanda #3','2026-05-29 08:48:44'),(350,'ADM','venda','Adicionou 1x Batata Frita na comanda #3','2026-05-29 08:48:48'),(351,'ADM','venda','Marcou comanda #3 (Total: R$ 44.00)','2026-05-29 08:49:00'),(352,'ADM','finalizacao','Finalizou comanda #2 via pix (Total: R$ 0.00)','2026-05-29 08:49:21'),(353,'ADM','venda','Marcar entregue itens de cozinha da comanda #3','2026-05-29 08:49:30'),(354,'ADM','finalizacao','Finalizou comanda #3 via pix (Total: R$ 44.00)','2026-05-29 08:49:41'),(355,'ADM','login','Login via Senha Master','2026-05-29 12:41:59'),(356,'RTSYSTEM','venda','Abriu comanda #4 para GAMBI','2026-05-29 12:42:19'),(357,'RTSYSTEM','venda','Adicionou 1x Pastel de Carne na comanda #4','2026-05-29 12:42:25'),(358,'RTSYSTEM','venda','Adicionou 1x ENERGETICO RED BULL ENERGY DRINK 250M na comanda #4','2026-05-29 12:42:28'),(359,'RTSYSTEM','venda','Marcou comanda #4 (Total: R$ 22.00)','2026-05-29 12:42:31'),(360,'RTSYSTEM','venda','Marcar entregue itens de cozinha da comanda #4','2026-05-29 12:42:37'),(361,'RTSYSTEM','venda','Adicionou 1x REFRIGERANTE GUARANA ANTARCTICA LATA 350ML na comanda #4','2026-05-29 12:42:43'),(362,'RTSYSTEM','venda','Adicionou 1x REFRIGERANTE COCA COLA ZERO 2 LITROS na comanda #4','2026-05-29 12:42:43'),(363,'RTSYSTEM','venda','Marcou comanda #4 (Total: R$ 45.00)','2026-05-29 12:42:46'),(364,'RTSYSTEM','finalizacao','Finalizou comanda #4 via pix (Total: R$ 45.00)','2026-05-29 12:42:53'),(365,'ADM','login','Login via Senha Master','2026-05-30 17:49:29'),(366,'RTSYSTEM','venda','Abriu comanda #5 para GAMBI','2026-05-30 17:49:39'),(367,'RTSYSTEM','venda','Adicionou 1x ENERGETICO RED BULL ENERGY DRINK 250M na comanda #5','2026-05-30 17:49:46'),(368,'RTSYSTEM','venda','Adicionou 1x AGUA MINERAL CRYSTAL SEM GAS 500ML na comanda #5','2026-05-30 17:49:47'),(369,'RTSYSTEM','venda','Adicionou 1x Pastel de Carne na comanda #5','2026-05-30 17:49:51'),(370,'RTSYSTEM','venda','Marcou comanda #5 (Total: R$ 27.00)','2026-05-30 17:50:02'),(371,'RTSYSTEM','venda','Marcar entregue itens de cozinha da comanda #5','2026-05-30 17:50:14'),(372,'RTSYSTEM','finalizacao','Finalizou comanda #5 via pix (Total: R$ 27.00)','2026-05-30 17:50:29'),(373,'ADM','login','Login realizado com sucesso','2026-06-01 12:34:46'),(374,'ADM','manutencao','Alterou configurações da impressora','2026-06-01 12:34:58'),(375,'ADM','manutencao','Cadastrou produto: Caldo de Mocotó','2026-06-01 12:38:43'),(376,'ADM','manutencao','Editou produto: Caldo de Mocotó -> Caldo de Mocotó','2026-06-01 12:39:32'),(377,'ADM','manutencao','Cadastrou produto: Caldo Verde','2026-06-01 12:40:05'),(378,'ADM','manutencao','Editou produto: Caldo Verde -> Caldo Verde','2026-06-01 12:40:46'),(379,'ADM','venda','Abriu comanda #6 para TANQUE','2026-06-01 12:41:01'),(380,'ADM','login','Login realizado com sucesso','2026-06-01 12:42:10'),(381,'ADM','venda','Adicionou 1x CERVEJA HEINEKEN LONG NECK 330ML na comanda #6','2026-06-01 12:42:20'),(382,'ADM','venda','Adicionou 1x Caldo Verde na comanda #6','2026-06-01 12:42:25'),(383,'ADM','venda','Marcou comanda #6 (Total: R$ 16.50)','2026-06-01 12:42:39'),(384,'ADM','venda','Marcar entregue itens de cozinha da comanda #6','2026-06-01 12:42:56'),(385,'ADM','finalizacao','Finalizou comanda #6 via pix (Total: R$ 16.50)','2026-06-01 12:43:04'),(386,'ADM','login_falho','Tentativa de login com senha incorreta','2026-06-01 13:46:59'),(387,'ADM','login','Login realizado com sucesso','2026-06-01 13:47:07'),(388,'ADM','venda','Abriu comanda #7 para Ana','2026-06-01 13:47:14'),(389,'ADM','venda','Adicionou 1x Caldo de Mocotó na comanda #7','2026-06-01 13:47:17'),(390,'ADM','venda','Adicionou 1x Caldo Verde na comanda #7','2026-06-01 13:47:18'),(391,'ADM','venda','Adicionou 1x CERVEJA HEINEKEN LATA 350ML na comanda #7','2026-06-01 13:47:21'),(392,'ADM','venda','Marcou comanda #7 (Total: R$ 30.00)','2026-06-01 13:47:29'),(393,'ADM','login','Login via Senha Master','2026-06-08 15:20:58'),(394,'RTSYSTEM','venda','Marcar entregue itens de cozinha da comanda #7','2026-06-08 15:21:01'),(395,'ADM','login','Login via Senha Master','2026-06-14 19:16:44'),(396,'RTSYSTEM','manutencao','Alterou configurações da impressora','2026-06-14 19:17:10'),(397,'RTSYSTEM','finalizacao','Finalizou comanda #7 via pix (Total: R$ 30.00)','2026-06-14 19:36:34'),(398,'ADM','login','Login via Senha Master','2026-06-15 12:10:50'),(399,'RTSYSTEM','venda','Abriu comanda #8 para TANQUE','2026-06-15 12:10:55'),(400,'RTSYSTEM','venda','Adicionou 1x ENERGETICO RED BULL ENERGY DRINK 250M na comanda #8','2026-06-15 12:10:57'),(401,'RTSYSTEM','venda','Adicionou 1x AGUA MINERAL CRYSTAL SEM GAS 500ML na comanda #8','2026-06-15 12:10:57'),(402,'RTSYSTEM','venda','Adicionou 1x REFRIGERANTE COCA COLA ZERO LATA 350ML na comanda #8','2026-06-15 12:10:58'),(403,'RTSYSTEM','venda','Adicionou 1x Pastel de Queijo na comanda #8','2026-06-15 12:10:59'),(404,'RTSYSTEM','venda','Adicionou 1x Batata Frita Grande na comanda #8','2026-06-15 12:11:00'),(405,'ADM','login_falho','Tentativa de login com senha incorreta','2026-06-30 16:53:20'),(406,'ADM','login','Login via Senha Master','2026-06-30 16:53:27'),(407,'RTSYSTEM','venda','Marcar entregue itens de cozinha da comanda #8','2026-06-30 16:53:30'),(408,'RTSYSTEM','finalizacao','Finalizou comanda #8 via pix (Total: R$ 55.00)','2026-06-30 16:53:39');
/*!40000 ALTER TABLE `logs` ENABLE KEYS */;
UNLOCK TABLES;

--
-- Table structure for table `notas_fiscais_processadas`
--

DROP TABLE IF EXISTS `notas_fiscais_processadas`;
/*!40101 SET @saved_cs_client     = @@character_set_client */;
/*!50503 SET character_set_client = utf8mb4 */;
CREATE TABLE `notas_fiscais_processadas` (
  `id` int NOT NULL AUTO_INCREMENT,
  `chave_acesso` varchar(100) COLLATE utf8mb4_unicode_ci DEFAULT NULL,
  `data_processamento` datetime DEFAULT NULL,
  `xml_nome` varchar(255) COLLATE utf8mb4_unicode_ci DEFAULT NULL,
  `valor_total` float DEFAULT NULL,
  PRIMARY KEY (`id`),
  UNIQUE KEY `ix_notas_fiscais_processadas_chave_acesso` (`chave_acesso`),
  KEY `ix_notas_fiscais_processadas_id` (`id`)
) ENGINE=InnoDB DEFAULT CHARSET=utf8mb4 COLLATE=utf8mb4_unicode_ci;
/*!40101 SET character_set_client = @saved_cs_client */;

--
-- Dumping data for table `notas_fiscais_processadas`
--

LOCK TABLES `notas_fiscais_processadas` WRITE;
/*!40000 ALTER TABLE `notas_fiscais_processadas` DISABLE KEYS */;
/*!40000 ALTER TABLE `notas_fiscais_processadas` ENABLE KEYS */;
UNLOCK TABLES;

--
-- Table structure for table `produtos`
--

DROP TABLE IF EXISTS `produtos`;
/*!40101 SET @saved_cs_client     = @@character_set_client */;
/*!50503 SET character_set_client = utf8mb4 */;
CREATE TABLE `produtos` (
  `id` int NOT NULL AUTO_INCREMENT,
  `nome` varchar(255) COLLATE utf8mb4_unicode_ci DEFAULT NULL,
  `preco` float DEFAULT NULL,
  `categoria_id` int DEFAULT NULL,
  `e_cozinha` tinyint(1) DEFAULT NULL,
  `estoque_atual` float DEFAULT NULL,
  `estoque_minimo` float DEFAULT NULL,
  `ean` varchar(100) COLLATE utf8mb4_unicode_ci DEFAULT NULL,
  `fator_conversao` float DEFAULT NULL,
  `imagem_url` text COLLATE utf8mb4_unicode_ci,
  PRIMARY KEY (`id`),
  UNIQUE KEY `ix_produtos_ean` (`ean`),
  KEY `categoria_id` (`categoria_id`),
  KEY `ix_produtos_id` (`id`),
  KEY `ix_produtos_nome` (`nome`),
  CONSTRAINT `produtos_ibfk_1` FOREIGN KEY (`categoria_id`) REFERENCES `categorias` (`id`)
) ENGINE=InnoDB AUTO_INCREMENT=34 DEFAULT CHARSET=utf8mb4 COLLATE=utf8mb4_unicode_ci;
/*!40101 SET character_set_client = @saved_cs_client */;

--
-- Dumping data for table `produtos`
--

LOCK TABLES `produtos` WRITE;
/*!40000 ALTER TABLE `produtos` DISABLE KEYS */;
INSERT INTO `produtos` VALUES (8,'Pastel de Carne',10,2,1,-6,0,NULL,1,'https://encrypted-tbn0.gstatic.com/images?q=tbn:ANd9GcTpbuqcF_LnZL2QBBeVhAevFfmgOVCPH_USiw&s'),(9,'Batata Frita',15,2,1,93,0,NULL,1,'https://encrypted-tbn0.gstatic.com/images?q=tbn:ANd9GcQWj1hxVhZ8pbRC62UIOaalolr6Il0-jDov_GobfItTkg&s=10'),(10,'Salgados',5,2,1,96,0,NULL,1,'data:image/jpeg;base64,/9j/4AAQSkZJRgABAQAAAQABAAD/2wCEAAkGBxMTEhUSExMVFhUWGBcYGBgXGBcWFRsXGBcXGBUYFxUYHSggGBolHhcVITEhJSkrLi4uFx8zODMtNygtLisBCgoKDg0OGxAQGy0iICUtLS0tLS0tLS0tLS0tLS0tLS0tLS0tLS0tLS0tLS0tLS0tLS0tLS0tLS0tLS0tLS0tLf/AABEIAMIBAwMBIgACEQEDEQH/xAAcAAACAgMBAQAAAAAAAAAAAAAEBQMGAAIHAQj/xAA9EAABAwIDBQYDBwQBBAMAAAABAAIRAyEEMUEFElFhcQYigZGh8BOxwRQyQlJi0eEHI3LxgjNjssIkNFP/xAAaAQACAwEBAAAAAAAAAAAAAAACAwABBAUG/8QAJxEAAgICAgEFAQACAwAAAAAAAAECEQMhEjEEEyIyQVFhcbEFM4H/2gAMAwEAAhEDEQA/AIsZ2FxL2Eh1MHMAk/OLIWt2YxbGgmmCf0uDvTNdWZwU4yuuOqkqOms0kzjjalSmQHiCOrT6p3gMcSCN4ZeV9JV7xuBpVQRUptd/kPkVWtrdlvhtL8PfjTNz/wAT9ClSxP6NMc8ZKmbYXE7sic5jW+sjom2Dxsu3ZFokZKgs2lA1HK0yj6XaAC4dfghVok8d9HQS8AZhKdu1oY6coN/BVat2uZIlx+nil23e0TajBTa6ZIy4c/RMbbfQOPA01Yp2LgC2Tbva+Ok5dUxrkga+KHbid1bfat6QZn3CW7k7Zq510aHGOFgSAiqO1C6Q4NeNZ4ZEIYVGnukcl4MIBJBlU0hsZp9hdHZdKo+aNT4ZLN3cfJEnPdfwIGvFZi6VRndcCItyPQ5FDYapEosbSqhu7vkA/IqOTemXw/AOrXjNCsqmo9tMWkx0TcltSG1Idb/kNLOHC1uSEwezjSc98b4iGHhJzcNDEcro8bi3QjLikn/B/RA3g1stazugaZ3KfVMeG044+yqvQxG40DWFpXxLnBU5e6wJwvQzxW2zk3LqlOI2q4zc+aAxNaFDg6JqO/SCJMa8JVpPtgUrpFp2Ey284S88fwTBbHMgnyVswlIAZKrbIpxmrNRxAQw90v4Kz+3SD2ZZ30ngtnOt80E/GgfygcTtiLg9VrjSRkpsZVmyD08VzvtFhSakNaS4mwGZVnxm3BBgnlHyXuxsM57hWfG8fux+HmeZtHVDNKTSQ/DcE5PoQ9m+ynwnivuO+LG65roDQHTvOZrMbtuvFXrDYLdE28s9Zup2UQ2GjT5m5W7nhaYQE5M19AG0dm06rSCGnhI9brle28FUw1QgxBJhwy6cl1bH4kNHhI8FRdt0H4h/w6Y3iQT0GpJ0Q5q/9DwNv/BWqeKkSVt9smdE3wfYyBNStOcNYIHLvuHGZsvcb2Ya2dxz7ZyQZHkkOOhyE7Kls/VYtvsrhbdWJdB0zsAxA4Iim6Ukp4ieoIUjap0MDxlLUmuxHAbvcDqhMW8hpII5AoYVnDMTAkAESvK9cuBAGatSbZfCjmfbGn/cdVaIOboyPPqqx9tPFdJ2psGvUktZJ/ybPzXOcf2ZxtEkuwtXdmxa3fEafcmFowx5KmPnNKqBa1dC4OufiA6TdDmoSYGfyTPD0d2meJ+i2RxaYmWfY6o4mQLrdzr9UqwkkDdBn6p1hMCc3m/ALBNKI+ClLogp1YddHDEkXGqZYZrWggtaQeLQbjIklGNLIncp3/S3yyWaWRfg9Qa+xCKo98Vu+2RlM8Th6RH/AEmj/ElvyKgOBaT3XFo4ESPPOFXJD4pg9BoR+FrFpBBv9DYjyQ9XCvaMt4cW3/lQCrlayF72hqY3+xb0up3AzbqOhOYSfE4jmp8NiX03S0xHP58l5tdgrDfpgNqfibkHc28+SbBrpmfLifcehRjcbwTnY7N3caRO7d3DedmPAADzVUa6XgHQ3nlyVw2ZZsnM380zKqRmh02PKdQDIrw4+ED8UBB1q86paQEguvtAyRKVV8S5zoBJJtnZQYnGBv7ovZ1Mgb0d43sMhorlpFQjbGOycICRvGwn/k6JjkFesEAAHS2Tfh6KmU8W0RBkDKRe+akx/aEhsC3AawjwzUG7Jng5UkWqvjmgm+c9I09PogcRtZobIImeOnHl/KoWJ248n+dBZDUcS+s8NaeF5y0TlmfaQh+OrplqxO0TVduiYsCRcxN4TLAj8IiJ01GniMpSLZ9JsNDQQRO/ORM5eg8SVYKNTcHPOeCBSlkl/sbKKxxpBuLaGNnP5qtbRxTpkao7HbQ3pEgkhVzGVrdD4Iskl1HoHEn2wWoSSViDOLHNYl0N5lyG0WtgzrxFuoClpbWDnbgyFybTfRc0x2KxFFxZWDmON4cPlOY6FM9nYtzGMqB0yDIOoJkRwNlbx8VsKEYuR1RjCQC23qp2gQN4uPQABIdlbZsLjzj0Vjo4hrxbNIhK3QrLFxezwNp2IBnrH1Uza2u6YXjaK9FHmnrHJdCXJPsT7a7L4bFAl9INqf8A6NAa8HmR94dVzjbnZN+Gd3nSzRwGnPgV2LdcJhLtvYdr6Tt/7sX8loxZ54+9/wCQeEZOjkGyMJnGmugGniVaNiYIPBc9sxOZg6HIIShhmsHdENNxxJ4mctLJ9s3uNERfvDO9wPSFinO3Z1VqNHuP7Pnd36QI/wC2TNozadfHiktJ1l0TBUxUpNvcD1HNK9v7BFTvt7tTjHddlG9wOk81HjtWZ1m3TKbXJjNDsrwpKzS0ua6WluYOi0oO3pFvqecIeJojkCKWK1FlPU3Hg7zZP5hY/sfFA1MOc/Ra0qxbbQ6FA0PUkyTF0HNBLRvsGuZA/UPrklGJxOoKsWDxbZBJ3eYQ22MAzEN7hDKujsmu5PAy/wAvmjg1dSJbXRUqlXerb2rt2eZvJ9ArXhastCp7cPUp1vh1Glpb5H9TSLEcwrLTq2WjMujE3YdVegMU6Ao6uISzaGNKXCNiphWCh1S92tuZynRNGYs71jHvilGAfu0pObr+f3foi2GBfMqTWx2NcY2FVcSeOSXYrEE31H+17VqxZKsVXV44C5zPSd8gNzKtOAwYptFNoBcRvOcM5MQJygXsk2zaIYA9ze8dOA93TnA9251RzlS0XCNKxxQht15VxU6oQV4QuLxAiUlPQMts1xVe88EurYqZiOSjxeISivXTYRsW3QScV79hYoqWzXEAl0ToRdYm+0rjI6/itl0cRS+HWph40mZHRwuCOIKqW2+yr6DQ6lL6TB1e0D835hzV5ousEcW2WCOST0hvPi7OU4PGwTEj18E9wu1oyM++KI7RdmmGX0u47MgfdPh+HwVLrVH0zDgWkcdeYR+mpdD+akjpuB20HAAmD7t1TL7W06j6LkDNpkEQbehRVDtA8a+qfCU46exE/HjLaOvNxAgcPfoqp2r22HH7OyCBBeed+74Zqt4LtK5xDG38fnyWrcyTm4kk8znKvJltV0Vj8fi7ZLTEmEfgakWkXHiBmYv5pdSuYn3B/ZHYaYgnXwMg5c+fTgkGktWw61oFjn78wnT2khVPYbt119B9R5mPqrdTuE7x9rizF5CqVld7Q7EZiGyO7Ub910aG5a6NPl6GgYrDOpVCx7d1w9eBB1BXXjSzHP2fkqz2q2N8anLRNVn3TlIn7h5EkxwPKVc4bLx5CmUsSTY+C0Nyl32rvGbGbiIg5RGi3OL0SnE0xlQRUMWW1HE8bFC08SCYJEyLnIdToFC6u3em55C3rqPJT0zTCbY1qFrmhtRstzaRmDlLeIzkZIWpg6gO60b1pByt45HktKGIdoIEf7RdGdSVLcdEyQjLYvdg6xE7vm5oPkSgzsWq894saNZdeNY3QeisG+ACP3XhLbW/lWsrXQp4Yi92DdYWgfqb4ar3E4So0SWkgRcQRByy6pk1rDYf79/Vemd0kZWFo0+lyonZJRTK1iKuhkHmPogcN36gE5X8AruX7zYIa60d4B1h1QjsDREbtMMMGS0m/CxkDwTYzVCJYXYvo3qaw2BylNGvQww4ZkfPPzGaz4kRKVPegpWEufaUvr4hbV8TnCWYmupGNiGyHFVVpsqgHvJcJaI45+HBQPcXEMGZThg+HT7umXEnUrQ/aqXYMI8pGVKzZN3eAH7rERhsL3QS26xL0aeSOp4e48Y8RnnkmVF2hSzDEXm2R8TKNaVh+O0Z5bMxdGRkqT2h2Y14ILffLgr810i+aTbZwc3GSd9Wi8U6dM4vtCg6iYnu6HI9DzQTsTzhXLbmHaS5pFj7krnmLa5ji0nLLmNCt+Bqa/oeV8NrotnZWpO+6Mov5qwF0eKrvZI/2ieJJ+n0TrG17Q2dB5rPmXvGY5WgyiTwtBkg3ANtEdhosMxAEXzvqcsmpNh8QeBGWf8AOaOZWBMjIH+bpfSCY+wdSYPAmb9B5RxVpwNXuqkYXEXE5jnn7snGBxhJPeyEEaze/NBCXGdi8uPkiy/EkEzkPXW5ySWltui+Q0kgEguiAdLXlL+1OILcM4BxBqbrLaj8RnoISjsy80xFiNZTpZa39lYvHTi2xZ222FU+M6tQpucx/eduwYdmTAN5ztrKqDqhaYcC0jMEEHyK7lQexwAiDGnmLZKHHbHoV+69lN403m94WizswUxTiwU6OL02uebd0JhQY0K5Yz+nhbPwaltGvE+G8Lx4Kr7U2XVw5AqAQRYi7TynjyUnZpjmi+ma76lpvQTXgras+IOaS4l8w4tleiUEzEaqb45QuILmSud4LeliNJUVMbwzWlSheFaQPMlOJOQWxcVrQaWg5W81o4unjKnEvnZM03MrSvgwbsMHhMhSVXwAFo2mbkHVEnRTlYrqU3E7uTuGvgkuMxAE8uOas1WjvGXSDxGaT4zAsc4AjvTZ3H/Iap+Nq9icmO1oj2HTMF5GeXRHYlwe9rZiM1q13w7RkvNnCSXkZqntuRIrjGh40Ws4LEBvlepJDqGHYJuZEcfG3p5oinVAmTbwPS6CYTnkdNfeahpu3S4TY3v6Ceizcf4UlY5FY8FFijLY5IQPi9m28Ac1gxG/lc5G3yKdQNPsp23mC/ELn/aPC93e/EL841/ddS2tsmrVJ3WGOdlU9rdl8WAf7JcD+VzXW5CZTsEuMux2SpQoU9m639lgHvOU5c7XTMdR79VWditfSmm9rmlpMbwLTGeRHNOW4jx93TMsPc2KxS9qsJc/WVK2pu2BsYyKA+M2c87fVR1Kgmx+eaVxNHIseFxgkcfI5KfB7RY0zvakHmD16BVD7SReVAcde51noosTC5Iue0Md8Xd4NEDkZuitnOvrHLMpBs553WTmRPnf6prRcZA14rPk7Grqi0nEbrs8gIi2gH7o/D4udY1NriYynmkT6w+HeZm5idTnw/hG4YWkEf4gaWyOoRJurRmlFD7Dk6Onllc5fssxdFlRsFocDIggH55oT4vd4ER/C3w2IGgueHVOg/ozNfZWNt9jKTr0j8J2UXdT8iZaqLtPCVcPU+HUABiQRdpHIrslQyHGQenMqudpcDTq0y10xm0gS5rouQeHJM19hwk+jmrcRnpMeimZiJQuMomm8sN+B4jQxp0WAhW4ouUqGdJ5GqKa45k2SiniDoJ580UapiJslOOylINqYgArQV+6QCoSAQsDI6IQ0zA9xuUX8YRIQjOeSn+HwFlGXZs5siZUNSjaehBiYUr2+i8vYZhROi0xPiWH7sm+RPLOUXgoAAnJS7SY1zYy1SxrwDui1/pqnRfJAz2hycUPcLEpOIbqQsVcBJ1enWEWkiLH5fso2WzcTAtOt5jnokP23caAHZd0czqIWrtp7wDSCOMfNZR6gRbe2gfiWLg1p3QOFrkjrKs+x94gAGRY26T8oVRq0955PzTfs/jNx27fSFJNM0uPspF4otI4x7zU4aOShoVe6NZ9lTBNgq6OZJ32BbR2Fh8QIq0mui4MQQcrOFxkqXtv+n0Euw7o13H3Hg4adZXQ2VLZe9QVK5sp62CpOLPn3HYWpRJFRhaZj/XFBPqnku7bb2JTrtILZ8NVx7tF2dqUXHdBjhqI+aJNXTHxla0JKlY8UI+soalXzUdOpLgOJHzWhQAeQ6Bgvwjg1o8gjg+6AojM80QZJEW+kLlTVs6CHOHeIz063HJNsNAphpIn70zbKY4joq/ga+64yYtHWbfJOcFWBkcWmeUTEKoa0LyK0OKdSeJyPhGnTJazAzjjKXMrFueRjXyhFfapnnwj3CPsRxoI+OLCbdbaRB8Etx9aIBy4nOI9eC0xBAi8ESRp4JXjcTOfzsmKVrYax/aE23cKHtMfebcH6Kpisf3VwrVL2yVV2tRNOpIydfx1HyTcTvRWZfZvRfwUzaiX06yJpVLSEUoiExnSgXJuiW1QlnxDxUlFxKS0EHOflwUwcIQIcvPtF4QUWmMDcKNthJ1UNN2a8+LNlKCRpWcTpqg9oNBEgQQj/hWUFUDgjg6YTYnhrrkXPVYmFPY1d43mMcWnIiYsYWLXwf4K5R/RscT9Mon5KXZo3i6odLeOaRnEHWPfNWTZzQKTOY3j43/hY5xpDYO2S4a9/cKeoYLdO8DMevS6jwzbE8SPLkp3AkhojlPkszNSdMtuxMbvtE5g626kFNZJbaZy881RdlY51N247Le/3HIq64V0zeQR3RkPMcU3FLVGLPj4ytE+CqH7pzEZotRUDyI0ut2vMT81ohHjGjLJ27MyVf7R7OFVp4wnmNpS3ukhwvb1lDvY4SHG0C/O/wDCGd3xoZB17kcJ7R7FklzRDh68jz5qoUyQ8TmHDPkV2ntXgIl3HMrmO29mTUBaLkjlPDxWnxsjfsYXkY7j6kS0YKrInNHtMXJE6fVItmV8r2PzTJ1a+eUrHONM1xlYe82n/ZRWDxUAT480rp1pGei0ZWi08EtoYuiwfa4tEjSDlxnkvaGK3fP01SN1aDOUi+srYYmZiOqhTSGuJxM2nMiPfBLa9c3EyDyy5rVzre/BDF5PhqolsnSNKhsYPC+Wt0u28QaW9+Uj1smdapOX7JfjaYNNzBr+604vkhGV+1iBjpRNE+Snwmwt9vdcWkLersiu3QOHLNdKXh5KtK0c2PlQumzGvPDxRNG0GfBB0HXgyDwIgotzFgnBxezSpJ9Evxr8VrVHT9lrEXUVZ5KWkGianUjL2FIHmQZt7uvMPSkKQMjNRhkbahB9+ZTbs7s52Kq7sQwfedy4TxKAwWDdVcGMEucY/k8l1vsxsRuHpBgzzceJ1K1eL4/qSt9GXyvIWONLsKwuBaxjWtAAAgBYmPw1i7VI4rlI+ZRjJ1N7K902d1udgPL3C5P8ddYw9TuX4Bef8qPFI9F40uTYRTb3UVSzn114g+aBoHO88PJEMgweIXN6NzJnU5PmZVi2DjQ4bhsRbySCs6Ggzl9UPgMfuPLvE9MphRWnaKcOcaOiYeo7JxB4HXlPNTVHCNY4fJVvB7ZHdF4NvTJOWVxxGS248iao52TFKL2E0niIBlQYmsAc+V8lhduzA09eiArVi85S2EMpcVRIRt2Abfoy0+/eZXMNr0cx74/suoY58Cc5ABPSYPVUDbrbki8+wrWpWaoP20VXBYk7zmnQ/NMsNiCCJ1jPkkeP7rw4a2PzRzaxIWqcb2KjKvb+Fi+JN+N0OCd6T4IClWi/JFUamiyuFD1I2xLpznTLJb06wha1A03nwQlKpJ3eBVqNovkM2VTwjTqsL87oTe5m/wDpeNcQO8ZVcAOVhNOpkcr+HioZJdYWUe/IubKbCi/JaMELmkJzTqDYy2Qwh+l08+zWuEr2S3viRN9FZWiRwXpsL9p53N8hJjtkMeIIBHGL+aQ4jYT2n+2ZnQq9BngoqlBpj3CrJihk+SKx5ZQ6Zzx28DuPaWu569Coq44K84zZjX2c0O6qsbS2I6n3myW/lm4XLz/8e4+6GzpYPNT1IGoVhlPRbC5jMlBCx/dX7sHsLfjEPbb8AP8A5Lnw8eU50bcmaMI8h52L7PfCbvv/AOo7PkNAra1kLWi2ESy67cIKEeKOFkm5ytml1iZU8LYSvUPqonBnxWuo7LxG9TaOQ+S5jCtewsYd1hnK3kVzPMhyijs+FKpMuOEZAAmYkgoiiSM7AW+f8Jdh8RvXmSPKERRqWK5Dj2dTlYdvT55IjDtYDvATYh0ZwbFw8MxqlVOubm3DxW7K/wB4EkAg5dMkKTWyXeiwNLBIgCBM3GsC6a4bFS0BxANv2VWw2Oc5gkyYi/QjNM9nYpm6N514HS+UK92LnHWxw/aMENBE5jXIHxC9fiQCb56c9VX61UGXNub8iQLR4BR1sXGtwI9hNT2L9NUFbTxtiOvTqqhtFhquho/hHGu+obZSZPJSMAENGWqkslDseMTN7K06oAfUe12paAWwcs1HiOxWJpiaUVmj8tnR/ifoVe8DhW7padbyE8pUGhognTqjj5EkqYOXHC9dnDnU3ss9jm3i7S2DwuFKKo8F2rF4Fr2xUa14/UAfmqNtvscwkuou3TN2n7vhwTI5Yy7FJP6KrTqtgZz6R1WOItko8bgqtIw9pHMfdPioN8JnH8Kv9DHVI1WOq24z7ugg7mpDUyCtRK5BLX+qZ4KnugTmUvw9Lim1Bk38gt3jYqdsxZ8t6Q22JSl0nRWJjUFszD7rBxKYhdeKpHIyS5SNZGVvfJetavfhDO05c4W0K7AZA+mo30ARki3jnK8pUye6FLJQDh9gU6r+8wQOQV3wOGDWhoEAaKDZmCDQmLWQkydsZ/D3cReDw950UVBkmE0a2BCRknWgoRvZtK8WsrEih9nzT/UbseGf/OwoDqD+88NuGk/iH6D6HllT9l14t4r6DfTp4akKbqf9i7ZAlgafzDTO65B/UDsj9jqfHoAnDPNtdxx/CT+U6Hw6rlG1TNOOdO0Zh8ZrKPw+MvnH86qpYXGJlTrlYMmE6cMiaLKx5BGsmeqhdXu46D2CltPGcTbJbPr6+/CEj0w+Q1weJLSBOfpAlHVMW112iDIJM6a2yuq27FHdj3x8Fp9rtOUqemXzHoxjWm03NxJ9gocVC90QZJ04XF+STPxCsGwKUN3z+LLopKPBWUnyYyFMMG632V41sr0CSt6axNmmOh7s89yc+Sb4GtJiOaT4JwDYIORFs0XQxBBHe5CcwrS+xM92hxVrC7cik+0aEjOIm/FG4yn8QNLXQ4cbhKsZiQyzib+SbTT30Lx/zsrm0aWYMX0OSqG0dn3Jp+Lf2Vz2i8PNikeIw/etqm45uLHTgpLZWaVE68Uxw9GDCPZhw5wmBOZITvD7IYM5J8l2vFxrKuUTjeVkeN1IWUMGXwVYtl4ANEm5+SnoYfdGUKffiBe50BPnwXTjiUNnNnlc9IJYFO0KBpKmaExiEbr0c141bAoSzydITTZ2E1KGwOH3jJT+myyXJ2ElRvR4KfdUQajsDTm5SpOlYUVegjDUYE6qUlYSvCdTkFlbvY+q0j2F4q9iMa9zi5roByHLzWJ3oyFPPEqmzdrN3BRqGxkbxy6FMcXhGOZ8Go0OpvbukEWPJVEgAXuDmnmzMa50Uqo3qTrNfkQRkDzTPIw1tE8fPemcd7a9ln4CtYl1F5/tv/8AR36h6pTh8VaNV9G7X2LRxGHNGqN5rhF/vDg4HiOK+e+1fZ6rga5pPu0yWP0c36OFpCwSjZ0seTiYzERZStxRyJSRtdTfFSnjNMctjptYSc1G990sbiCFIMXp6ofTL9Qb7NZ8Wq1pHd16DNXDfAsMsgq32coNa01JBJsOXETqnrH2lYfIdyo04urD6dvJSMEoam6ZJRFCosckPixzRrHd5rai8QSRfMcCEDQxRBDotqF4/FAA+k5JuP8AGKkhvhscJIyngku1q0tLSCScj+6GOIvwWlavIhDyrQyMV2J8Q9zY9hbtrBwzupqw3s4lJa7XMdI1zToJMuTDy2J+aabI2nH9tx6E/JKd4kQDzUb2lsHXNavGzywz5Ix+ThjlhTLxSup9cslX9kYuQJMT6KwUTOS9PCamrR5vJBwdMnC3laNXoKjBJCpcPSLjCjptkwnGAw8XS5S+g4r7ZtRploR+HqcVruKSnQlASwyhRJKZgRkosK3dbBUhKyzlbHRVI9CW7UxoB+Hn+YcjkJ9fJCbd2i8VKdKkYgh9U67ouxg5udE/pB4oOiwzJJJOZOZKZjxXti8mWtIkZSEaLF7PJYtGzMc21TTZp/tEaSLeK9WJ+T4gY/ki1YY91vRUn+sdJpwBJAJa9kEgSJMGDpZYsXGfZ2kcKK8BXqxEy/skbksKxYgDLl2X/wDrt6u+aeU14sXIzfNnUx/BBVNT4fNYsWWQ2IVhjZyi/D4rFiZ+AgdfNQkrxYhYcSCtmhsRqsWJsCSIqClq6LFib9ipB2zc3dQrLgD3Fixeh8H/AK0cHzfmw9q2C9WLYzCGYJOqCxYkvsYwtqP2cLrFiXP4kj2HuWNWLFl+h5TKh/uvP/cP/kUesWLoPpHO+zZyxYsVBH//2Q=='),(11,'Hambúrguer',18,2,1,99,0,NULL,1,'data:image/jpeg;base64,/9j/4AAQSkZJRgABAQAAAQABAAD/2wCEAAkGBxMTEhUSEhMVFRUXGBcYGBcYGRYXFxgYGBcXHh0YGBgYHSggGholGxgXITEhJSorLi4uFx8zODMsNygtLisBCgoKDg0OGxAQGy0mICUvLS0tKy0vLS8tLS0tLS0tLS0tLy0tLS0tLS4tLS0tLS8tLS0tLS0tLS0tLS0tLS0tLf/AABEIALcBEwMBIgACEQEDEQH/xAAcAAACAgMBAQAAAAAAAAAAAAAFBgMEAAEHAgj/xABCEAABAwIEAwYCBwYFAwUAAAABAgMRACEEBRIxQVFhBhMiMnGBkaEjQlKxwdHwBxQzYnLhFRYkkvFDU4JEorLC4v/EABoBAAMBAQEBAAAAAAAAAAAAAAIDBAEABQb/xAAsEQACAQQBBAEDAwUBAAAAAAAAAQIDESExEgQTQVEiYXGBBTKRQqGxweEU/9oADAMBAAIRAxEAPwBJUa2E1fRlh4mieEyhPGk8kVKDYu6K13VNjmXISKF4goB4UDrRQaoSYFUzVXEYej/eIPKs/dm1VyrRZjoyQnP4WqbjcU7P5JPlNAcdlykmFCmqSEyi0ApqRtyKmdw1QFs0QBbYcE1YxBSRQ4CruHTNbzsaoXImGVJOpJoz/izmmIr1hcLIqHGt6axVTXSIU4hZNS6l7ivGHcq6l4Vzqs1UkQIxD3OiuGK1Da9R4VQJ2n50VwoKh4EKVG+lJMesC1C6rCVFALG5Yo1VTlh5Uy/vSeYrQeSeVA6kgu1EAJynmKkTlkcKYUrTW5FDzYapxF5WX9K0nLelHzpqBbyRWcmbxSBqMuHKrbOBFY5jEiqxzQDjWZOwgr3AiheMZB2r2nMga895Nd9zUDH8PUKWRRF+9RNNViNaKLrNVQi9GcU1ahE3piQtjX2bTajGMDzY1t35igeRP6RRc58EWUJFB5yEngqJ7Tq478ayscfwyiVWvWVt/qd+CnisxWo2ECruX4twjjA3NeMIATpi9Fk49tlGk2322NdGkvLHc2yHGAhE6pgSRQFZCq1jc0KgUg2/VqpBVBKEb4HxTtk2+OVU9a5ASTJMCror020NQPIzXRikDUimgowh9hIWshabTzE/fTExlqMS3qjhQ7E41TzfdhIE8aP5GoMtQeVHUlGP7SaMG9iBmuV92spoecCKbc9Gtc0LDFMjK6uIlGzsAzl1bThCmmNGGrSsPNc2aogrCPEWqU4J1+e6bKo3I8qZ+0o2T7mnLs12NS4O+f8ALBKG506gPrLVulv0uelN2OwytLeHaQG8OsAylMC44J+rfibk70MnZXDjHk7M5jlvZBShqWsQCQQgEm38ygBPsaKs9lG0pJUhRIP1lCNPOx4bWBrpmEwaW9LKBzMETpHM89/uqJ3K0EaIHC0DmJJI529LdZBxk/I2MoJ6EFjL0AEJSne0SE78RxtG9WG8Otga1hUHypSdJnnA/EelGXcGlp2LrVCSIkgGTZI4/PaqefqUt7uzuSlI4yowN5O89KmksP72LIu9vQLYS7qQVEd2pShKiUxa8EyCeAF7jhXjG4NIVa9rg6Yk2kaY6GmjtYwlKUsoTCWxA6nieM7fOgJZJvqAAE7jnwmOAoZtQdkdD5q4OYwyRJW3qHTdPAXtMkfCvDmEZcPgUpsngRqT0AIvv+rUVLF/DEpESCb9RUCmLwI3kE2A5iT0v+dAqr3c2VKL2gLmOSPtgGNQPFMn76BPIUDCgQeRtXSMMopQG1FRTEifqTuQYuCeGx3oZn2UDVpVdJO4uUkDpv8AlzplPqs2kIn0y/pOe4hVUFqvTTn/AGVcQNTZKhAhJuVT9kix94pNfC0qKVJKVDcEEEeoNWU5KWURVIyg7MLYI0RoNlqjRkGhnhh09Hkqr2g1EuvTZoYhs84pdqEK3opijQpe9MQqQWwiiBarBZ1i9RZamaNoYAFDN2QcFdiqvAqnc1lHHGr1lL5sPtoZmsYwTqBAPOg+ZYJLy51WpQwr55miDeJVzo5XWDoTWwsjIB9o1InIh9o0Mbx6hxNW0Y1XOgVxncCDORI4mieHy1pPKgTOONXRj4rmmdzDGlI2FD8Zilc6hGPkVVeemhSdzHJE4Vqr22xUmAwhImramIqpLBM9lTRRPs/laXXQFkBCYKidrkAD3P3GqWiKfMkyBAbsdalFKiFQBsrrsP10XVnxWNhxS8ljMcQ2hPdhRBcKNKiCAU8iYlO/pFGw8dMeW0A+Eg/0mZrxiEtJbHeFJ4KIudtgeFJOa922pAbXqEknpbb5VPU6h03gZCmqisMf74hpSkpTq3K3FeZXp06VC/nkJICCCqd99unSw9qAYbPlIstve4VcH1miDjiVAuqFyCEctSp8VrkgT8qT/wCv0xzopbRWW/BKouY232vJjbhHGKpnBrXK0QNJ1BR2lN/fy17Qyoq8Uq9N/aaJtuBLemCUmNXuTP3Cp+9yH/t0VseXFhTq7mE23sYJKY22+dVW8AFSokaQJuYtFh8KKYl8eKAfEVAW4cSekbUMQ6NIQT9aTvYCbHnuDQOTbu2dB4Noa7wlKEgI2kSNVr+331cOVCJVO2wt71LgnUpSPrCCQRHSPT+9Fw2NIKbyLRxPXj/z1pq+SBlUaYqvYBAmxBP1jw24x6VdLOpASSNovHLfr/zRJ3B6oMkkfL9SKHvm8A+1Tz5INS5APE4NSUhCp0mSneAbSL7c/agmeZaHwO8usWCiDI5STuOFORuYUokdeFDMxwZunhuAfltEiqKNaSZsoKSsznTWAiscBTamDPMLoSlxIMTCz1JMH8PhQZ5QUK9O6mrnm8XB2KC11to15cTFaRWpGNmsUqhpVermKVQ4qvRxQuTGLJqYHNqBdnkzRp80io8j6axcpqNZWVlLGCo0qKmS9Q0uGalbdqxxIlILNnjU3fVTwTTjh0toUs9BNEVZHih/0VfKlSsvI2JvCKKlBI3NNDHZd1aZpPwbOIadCy0uAb2rr/Z7PW1oANLnLj5CWTn2Pyd5mSoWHGquASVrA4V2p7DNupggGaWsX2MCCVtW6cKOEvYMn6K2DwwCBULzdD8bmKmiULsRVFfaJA3NUCr2CDya6BkzMtq/6gWmUpmI5cYmK5Diu06AK6RleNLeGbKV6SsA3IkeGIvtukfCperiopSf1/uNpPleKLqMv7nxuOz/ACJIIH9RNvgPeokFkq1EIQm/iKdSjHIERN+VLOJfBup0SqbFRJFyJVO1V8M74yAtPOCZBjgIryVqyWD0OHtjfidDtlOahtdM29yI9qkbwKbJgaUpix4c4+e80vZDiC4vQbGflR/G50ULKEJTzJVO/sONbBXzP2BNNPjEstYNUCBECD8Y+O/xqVnL0IvvNyedvzoAvtSmQgoUFHkrUNrSTBmYq5h+0rSlWVa3qPY3FU2pwyxDjVeBgGHEGAIgm4gfoVUOBTBMD4WP9/zqD/HmpVCpgAEbGT+vvreNxyUAAGxAJB+40yVSDV/QtU5pg57L0TI58NxPp6j4VVRiFtlKdwFTxkCeXyqfH4sJXqQoSU3g2HLbjIofjM6SpMqI5SN7+m/51LJK/wASumpeQonGlS3EkjwwbbTHCtdwCm0zz/XWlPJ8w0F0lRVNgRBGrgD+udM+ExUpuTPpCR6fHjTI0VbP1GPGjZTIgjn+v1yqliEbcgemx/Qq4vEC/wBm/rBO/wAY3qstUpJtO34bcBvXOFjUwfjGApC0KAuCnn7jlH4UgYnL1JroeZbm+0D5UNXlveJK0kHnznrVlBN3RN1GLM5+4DxFeJimjEZeJ2qFWVA09IlbE/FO1QK703YnIqE4rJimmJoXJNhTs2rw0UfVVHKMIQmvTj0Gp5rJTB4JYrVR99WUuwYlvm5qTBYZTi0oTuogUSx+X3kUxfszykLxGtQB0kR61bOXGNyCMbux1Hsx2eZwrCUgDVFydyasYvEBIuBRtLSZGocKX+0bgB8KZEbCvHrp7uX0mtAt3HoIIKRSdisclp6U2B3qPM2cYEqcS0rReIk29qWmstxeIUdKFT1BT99N6bp3uTwDVqpYSydVyXPgryKnpNNOW5iFjxWrieTdmMwackJgcZNjXTMrS4lsd6IPSuqJU38Zfg6D5rKDGddmGMUQVjbiLUn5n+zRtSipLndpiw6+9NycYog6TIj51zHOe0WI8TS3CbkEcqZGvLUTOyn+4E5f2YUt1YdUENtm6t+8vsjna55V01p5KkjDBJCkyOBCgLbfE+1DMmyfD4vANd+VBTZJ1tmFpm28EcqM9lMj/dluFx/vQB9EFJ+lTvOo8YBAtzvwqi8aq+XgGKVNOwkZvgloUQUmQTe3H1oBiFKFwTI9OFdIzDBtvJDgStBXJhQgj1nahiOzrYupNrzcGRzBHCpYcb2RZKfxuxJZzrEpP0bikk28O9/Xb2o9hMBiHwnvnnFAfzHf14+9T47BttK8CQL/AK/H4VPlePRMalGNylMgbbn9b0ct2ijopyVwrhuyiO7CVFVri5+UX4H41UzbI1t3Tcc4EiOPWnPIMSFeRYWLSDJVf1JAE2gcCKjzfDKWbeS2xUFbmQY4bCx+6ijGxPObTscqxrimxGpaCfskiRz8JoL/AIq+LJxDvuok22802sLV0HPMrwwVC/Mehj0kUDeyNsKJEjjCQPyM0cpQvZI6MW8i5hs2xSTZ5RiRdKVG/XTPGfaoRj8SJHeFQ2hUexmAZ607nKmkt6Y1STczMnlqJ22tyoUcjXPhWD/Un8eO/SscorwglCXt/wAgRGZvkmUAkkHUNSb7TPM0zYXthOlpTUKsFEkArO07cY2r0xlM3UNGgjcp0knaP+KrYjJwpclQANiki3sRtQuasMUZX2MyMxVwQqI2MEAwb79apNZ4gqKVKIJB8yVJG/URv7VmUYxTSktvglslKUOHzJ4BK/tDqDO086KZiwlwrQtCDp3jcTx5iRSuazcLN8FLEuLcKAhJKlajaDPitfhM7GNhwvV3JspxKHdakgIUFJI1JKuYKgOo4Sar5ThlYeVMuKO/gVeRyHvwtXhnt6sv90lrUR5oO3pT+mkpVFYn6tuMMh7EZECCSINLmNwBQTFxTYnO0ueEgoPWxrF4HibivSlTTPMjVaEV1si5FDcVenXOMOmIFL6sDSZ0+I6FTkB8LigmxqHGthVx8qJY3K7UEWytBtSGmPTRFoVWqsBw1ql49DPyaWmd6K9jseWMQmBIUoCPU0NRh1qMAGaYez+TuNvtuLgJSZN6dVaUfkTQWcHUMwWuLGLGRxpazR8pSb7D400OOak6uBAM0u5o2ClQ3FeP1H7i+jonyPPm+5ExYXFGmsbhyJ8I9oiuP4HEKDxaAURqvHKmlGaMJ1IXKTYDn1o+dSGjHTjIfkYJtR1hdvURQ7MUNQdLyBG83t7b0s4zGNJQO6cUdW/iFqXl5sEc1Qb9axzvjijFBrN2M7TDzfjbUlaVH0tS45kqcRiwlSdIUZVHADe9RYTPFHVMgTI5X5VeyXMFBTjqASsAARc34AUjnUjK1vpj6lFlxux7weUstt9yymEEXBumDa9LeZ9qGGUBpLiQU+GCklaY+qCAVA7AzMx6UOy3tksuKLiFlKClKpsmFEgXmx8Kt+VHnMvYxGLbW020FBOouEeIzMyLBRFoJ+0OoPq04Y1xIeWc5IcycSmCXAAYIBGyTF4ImLig7uKWoWhSeCgTFjHMRcHenMsodWGYDqUxr13i1re8T+VJ3a/s40wFqYJAjynxASRMA348DvWypqOXlFVGrCXxeGUX8HqQpx5xKUp8qAQFudJJsOo6c6T8wz8pUkCwT5UpSAEWAjrtub8TerLrTpRY6UxA1gavadxyI2oErJHCoAEkqNhF1cbT8b0UJQeA5uUF8M/4Q3dne0StaXBCTfaeVwZN6ZcR21+qpHjmBFjtuQdq521gl4fxJfSFR5QC5IMb+HSD+XtUb2JdnWNCrTCVJ1CL3Fo9xxo3B+AHVpSSc1keXO0TBJmQZJB3M8weFUmsWHVeBRUZ2kpn1PH0gUkO4pUkqgKmTcbm/wCNe8PijqHiiSLyeJpToejVUp+GdDKiBpWQVHYTNrzq+6R71ZbYIjSk/jSrk7OJW6O7IMjeJFyLesVZV2mdaWUxOglJtxEgxGw/KlcJpmqUXhMLYhxQmeHvUOGQnifbUSPb/mq7faxtUd6gkdDP3ij2FxbZQpywsTfeQPShmn6Cu1tAvEPhJSSdQSZg303ACiN+dgKccuzNlzzWURwv7igByptR1xf5xUuHymPKSnkQbj3qCXV01+AnBNZNZnhl94ooXCdBkAXTJuocJiKq9gOx6kvOOatQBsT5ufi60XTl1rqUbAG+4AG8elWuz+IODdI1FTbkm+4UI4+n3VX+mdZTlV4L0SddTvTv6Gz/AAFtwFLiZtuLH48KTc9wuJwfiEuMz/5pHXnXQcvzNLiZSRNV8Zh9fgXdJr6DPk8c50cch5AUk35VEyjnVXt1kKsGvv8ADglJPiAmK1kmZpeTyUNxxrGw4lzFISRbeguIwdGNCdVzUy8AdxcfOhdNSyaqjjhi8nL0xtWqMKSOR+FZS+xIb3oglbncrU5pmR4eQ51XTnaZBkyd5+6rmLdKWXCoeQWnrXNBjSFkm4pPU9PzdwqFfirH0FkOKL+HSoRaw9jUuKwyiDEcRegX7M0xhUkrB1+MAGwB+rPE86eH2wtE8eleW6Klf2ivucfsc5a0tqUUgA/Ol/OXJUVGj2epS06okAc+t9qUM3dLqyqdI5Cl043yx7lYgRiDNjVpYAE2J5UOQUjjXpeNSNqe6bbwjFP2WC8o2FHO0GEGFwTWhX+pWtKlKFigaVQn4x70JyHNEoxDazEBV5oj27fU8lSkCx25GOVHD4SX3Fz+SaKffB5KW1OOd44ElbiiNC0pBUFeESki4BmRa1W3caGSnS7KJhLgBSrUANVtxyvfnBoHkbLZbSQ+pK0DWUlNgRqKtHiHikJIVbY+8ruIU67qWwFJBJUBCCq0WUAQDaYg8eZNX1acKqtIkg5Qyg2vMX2194hwlW4UDN/erzfaN1Tmp9IWkxKQIII4gk86W8kzlJPcuIKBfu5M+xMAk8KZ8DhgqZ3tXj15zoviy+m1NXL+Iy5Cwp0q1RwsT032qkjK0IClE/Sr8Ji+hvikH7RMSfbgKLsYIpKFJQVSdtpiBc8BN6H5y2Q4VHwg3jeJv8INA+olxvHDePP8jNvi8oGHJ2ybAfCo81yTSdJFzf1nrVoZq2gpGrxEiBc3np1o0Xnnld6oskoAATKYhJmCN7iLeo4V1CE5Rbd7gVJJPwc0zDJylRBSbe1YzlaiNSUagm5MeXqSdqPZo444tQba1LKrjaJVuByv8qWMSH21d2p46SZUUGU7AwAdiBPvXpUozkvlglm4xeAq09EqU6EAeaVBPsEi59Eg1s4prSS2Q4rTqGmRwnxa0gn0FLCsN4NalhSiqCIM+6tvhUjODKlgELCeEIKlixvHETA96YunizO6w9gcyQtIC8KFL+1ZM33uOHrRzB5imZCUgJgDxpUkeitwZkUJwWWLU1+8IS/qTInwJSncaiCdQ2EJve01JiMMhBUXQ5IQAloJBMgXKrkbG0kfdQ1OmTXFrYca+L3HRGYAjSpASsX1cYva1jzr0zi7wD+NL+Rl5xC/otLYlJCtRUkg2BMebYwIF6L5UyWvPqWkpskkd4lUTcixF026m9hXm9R+mPa/gbDqYsNofgX35VVzzDd60QDCh4knqP7EigOYCQokq8Sp3PA2gctoHWqz2YuJSpwmUgRpJ4mLj529KXH9OnTmpweUa6sZJplrst2gWAod7MLKZ9DuPv8AenvD5sogEqmeNcRcfQlICRA6U45DmwCUpn419VHVmeJLdzozuJQpshy45VyjP8MrDYjvmrJUbjpTqMYlSd6VO0+MKkqQEydhyrZJWMi8lxt4PIChxFZluYLQSiZjYGl7sjiiCWle1OOEwzZWCq3WggxktFpOMVH8OsowMs5KtWUzAo55nmIKsK44diqJ4CBUXYv9nAdCMTilHuynUGohRMmAr+WIPvWuzqg/hXATq7pYcKOK0giQBR//ADJrGpKrcuXSK87rK0oJcVsr6empN3Cv7+2h9DaUhCfKBEeggU0NYkLlKDcRc7VzLF5gFvNqFl60RNpMiK6UwkJTq2m6uc15lNSu8/cuqcbI5x+03DK1NuAmJ0rjaeBNA8vyVeI8KVX9vxpt7fN68K6qR4IXbcxEgz0O3MUk9mu0KWlylSSYuDy5VtNt07rwzWkpWY65L2Bw6E/6xRcUTKQlSkgARZUEEk0UxfZ/ANx/o2bGTIMi22+3Q+tQZT2hZ1Fx5aSuBpCfLtYzziq72YB86YUs38s9d6Hu1G7N2+3+zu2rnP8A9oqh+9JU0lLYU2JSkBIsVAHSAIMChJGJWkJ1QKP5+2hb+spUCEhMKgTE3getW8AphCdbhJPIVWqqjFRtd+2L7V5N3svoLT2Xutta1JhKB55AKio+XqYvHrVbvloUBr263HOCDsYp17JZihxeJZWApC24IN/Dfbkdr0t532UfYGoKS414iCDCgAT5gRvFOp1r4nhi5wtmOiiVgmSrVNwIi/rwvT12QzQOJ0KI7xO/XhPWuZlNhA24iiGAxhYcQ6giQSIJ3HEf3oOr6fvU7Lfg2jV4yv4PoPLcUhDCwtNkkaouVAyRfnJArnP7QMS4dWklsqkkC6vqgAkXTvQ5ntitawhSFaCDISTrBNgoWgkSCBxqxiih0hoafLJVIDggyA8oW1ApAKYJubyBSOnpS4xVVa1/38aG1FtwexA/einwqG/E7/PcU3YHteO6CQjxpBAcJi5EKPhE6iABN91Hc0v5/h0zPEzHsdo6UIZI+V/zr0bJrBJyknZnQGMyUtDfduIbTIStKBCtSiTJJuZPGR9b1AHEsl1LsqSA2SQiUjfjJO9gI95vVfBs6/owYmCBzi5mN7T+FHFBkpSpbY+0SQSrSlsgm5iPCVAm9xvQNxT0NSbiLrGWylp+CpnXC4mU+IATFxNjw3606ZI0wgLUltKT4SlXicJQSop06gVAeEzsbXHALKHGUkhJIbVpUpJJEkA2BB4ajA4wL0UaKmXGtR+jIWFOBJlbaioQZ8KygyUqB2psaiWRTpNoY2sM2VqxC3BGpQvAuBCQNVirSEGDxi21VselxILqWnFqUkgzIDSnUp0pSkiQQqLdVdKiOZJc+iDpSCsLX3YUHBZQASd7DaACQIMk14ZxsIUhC9SkqSUatSyQg7gqi0pNjcEG9ZOokHGncuHNHm2g4WyltMBWqDdS5Vo2FgDE2ECr7mZFLaglRJKvDrBCYI3iTeZNrcqF47PnFphaNSI1aQACAFIKieBmCPRXSqa0MrIW2qEkjS0ZEmBfVY+o6Gkym3pjIwttE6sybcStN7fRze6tyqYgAcRPDnQnOHwlKWbq3USTIn1PHh7VXzLDoYC0BZOpV4kJO0idp226ezP2eLaMPpdbQpajJVM6UjgBuYkmeaqxNLLFVZ8YiagkiBFXWHwkpJ4Uz5ocv06mjf8Ao1fKld9lKpKNawZ2RA9r1TGqmRXuNWHxwKAZsdqo4x0nUTYAWoc3nDSUpbggptcEV5xeLCkEpOr04e1N7ifk4qdm1f6lMTcneugsqg3E0jdjWZxAPKTT+8i8iuQZP/mEi2kCLVlVFYJKjJJk1ujuLsc+7LZwMLiG1gS0rwOAixB/Gs7a5evDP940SEOeJMTpIP40DfdUqxsDuBtPOmTs/nrDrRwGPOgH+Did+6Vw1j/tniZtSmk1ZjE2ncUXM2WpaCokBKkmRvYgyJ42ru2W5mFtJKIKVJSoBUiUkHj8OVcW7R9nHcM4UOAXGpKkkKQtJ2WhQspJph7N9r22MKGnp1olIEEkpmUkem3SKg6mjyiuJVRqWfyOiKYS62tK7hYII4EEQRFKmE7JtoEJQLWJ4H3qlh/2gIUdCUlN7KMAX9/wpry/GFaAqRp4mag7NSmuOclfdjL5C87lyEq0hF/lWxiy2PAYmvPaftayzKGwHHDwBsPU1z/G5486SSYB4Dh71XT6ZtZEz6hINZvmvi8ahPzoHi80KrJofE16irIUYxJpVpSCHZ/HKbeBmyrGugrxankBKUyEe/rXNcJiSmQIvE/Guy/s7KO6jSCpfM/VJMzx2FT9TTTkn7HUZPixLcyVsuaUjTafDbc/Cq+Y9nnb6UeHmRGw4iefSuyMZIyy6HAklSpvwTJF78rx1PSps9y9qE+EapuZM/E8YpSc43zoJtPxs+eEBxogq1DSqxumCD9ofdVxGPIUfFpDhOpQSFEahBV7STYTyrrv+XmlqgpSoG/i9Jt1vUWI7D4c+IADoYjj8vyo49SpbRjg46Zxt5xIIKD4QNN94H4+lU7A2FdJzPsC2T4NjxBtx4j8qE4XsMVL0aihXpqT8aNdTT0D2ZvIHyvGJY1OFGtWghO9jI5cI5+tX8fj1NLU4ghSnEQIBESBITcHyx5hMHa9E8T+zvEJSooUHLWTOkk8hIgfHjQ9rIX1pDIw62ygi6wQmOZ4HnYk3pnOOzVfwC8Njmz52IERqAkpVqBkA8SAeVWF5q6W1yNTI06AqQPDtF5gg86tu9ln0K7nQoqUPC4FJSlU7CFHrtx5irWU9nMYoKZcZIESPEi5HUE/ofHFKO0b8vJQ7O50kIWO7065SpYCbCI0at0g8+MmaIZksOL8oUkQuSUpAkAQCAI24WqXDfs2fglS22+Oi6+O8QBtOxoon9mrtvp0oTsrSFkn0BV+PtzyUo+zoyaVmAXM0S2NSbgghSRPHnvP69a95Lhe/IKPBp8RKtRCERYdNvgKccD+zptISHXCtMyEiUC25VBJUY61aznCIbaLTUNtSdatoAmw4yqYnrU9SrxWB1OPNiFnCGGUhJ1KIEFZtIi+i1pttzFDGc3S4LyggmCDcDhJ49ahzXFB5Zg+BPhT1AO9A1pKTzFVUqdo3eyTqJqUrLSL2LeWlZCtzeRseoohlWdLbCk2VCSq/ThQjvxpAVJSNuY9D+FWsnwpdDiUAyQEiepkn4An2prwrsmehgxraVtodR4FL1WHk1WgHlxvQnBOgq0Op7s/aSEx7i4I6iimX4ZJcdX/AOnaCZPAupH1eZi0daD4dIRK13SDfeJ+wDQ048gEO/Y5xtrvEuFPeSEwbW3kWvM/KmFzHt8xXKsNjyZUfWOXIDoKZMNmWtGqJUICuR9qJ1ZRwkUwpxY2DMm+dZS4hSiJ7tPxFZXd6XoLtREpat6jOHKxcGOdMTuSgSpJ1xJ+STb3UKqLBBKQNztG+4gfKn2Jrmsj7SqZSMLiU9/hQfKfO1JnU0o+W/DY17zvJErR3+HV3jN/HuW/5XQLp9dqAZiytJ1EafyMH7jXjLc1cZXraWW1dDAPQ9OlC/TNX0PCsEQfxoicY/3fd98rR9kGJ9SLmrozpp4jv2+7V/3G4g/1INovuKhzHL9PiSpKknZSdv7UEoPYaktAZaAK8BNSOpIN62gjjWHWPITFSwlVog862ByqFRrTT07him8U2dmc7SFskqCQhJKrXUoTCfuPKlZrERZUkVEWSTqQI970FSmpqwUKnBnbmu2TR0kqlSQeu+3zv71F/mLWNSlCVKVBkbADn6GuMYfMFIkGeF/TaelXUZuRB1C23Aj1qOfSy9lUK0DsmXZglStSlRBkJB+ZPtsKKv5ulQjhXHcP2jPnmfwokx2iMeYSIIG89KklQqLCQ9ShJ3OhPYxIgIMESLgbHnRrKca0pxTaANgSeo4bcK5exnAVfUB0i3pRzKM/aTpCvCoXCkySbiRA40ukpQkMnCM4nSlNJi1UcZgkhNiKA/5mQUn6VM3FylB3+yqDO1+tUldowqfGgQEm7iPfryqmVSUv6SaNBrye87yp0t6xEakqCvrCNvarPZt5BSdeoKQdStzMzsOHUD141U/xhBElxsaTsFpVY/MkAn4VVTnGHaUFd4jVp8UHVJ9BztSoKalr+SiSUoWYfw2LYW8pWtRVp2UkoSL8JHSrmCz5hS+72tIXMSZI0wdjafekbN+2uE06u6Uom9xAkbDnz2FJ+M7cLkdy2hv0Eke5/IVTGnUbxYnl2kstnasdjm4IGwtII9wOap4864/24z5BKmWVld/ErYx9n1pazTOHnzLjiieWwHpyqghonoOZqiPT5UpeBDr2TUPJI06eVYszWy3Fpn0qVvCqImDHy9zsKpV2TlVLM2H9qv4VS0JKUqICh4otI5Ty51LDaDA+kUNkp8s9Tx9qP5R2dcdWlTqCo/VbSAUpOoCF8Ntf+2jUL7AbQMyzBrcSACsMpJNybkg+ROwmDemHOcKl7C92hISptMBI4pBjb7eo05O9ntTKHTpa2C54DSmIAMWSVE3pexeMwuHWCpwqM3iImBO3or4inKKSF3bOXsOG4O4saL9nMRpeCSYSoQR90+9Cs1xiC+pbSYSSYHSas5cv6UHlBFSzWCiDydBGDHNP+4fjWUXbwCVgKGxANgDuK3UvJlRE7hcPYNqKyfqqOgbG2ocITHA+JNB8a4pB06Q3cGdN/qkGfcKtVpDZcICCTIKjyOlKjc8PIo+xq4gIRKXFd6Bq8IuJhIkOEb6QmLWgWr1Dzjnud5aVDUkyY/8ArJ/H4UsLbI3EV2DEIaV/CHdaiPMNW60Dz9B4ttwoUl5/2eX50gqmJgyLgxtzKFWpcohJiklZHUcqsYfFlN0qI6cKxzArH1SPUHr+R+FVlNkUGgg3h8ybV4XUD+pIA+QrT+GQf4atQJsmCT7igqVcq9pc9q65wRdwbiRJFqrlM9KxvMFxGqRyN/vqdvMojwCeddZG3KxTUiFQOHpFWWsY2RCk+p4+01jjrJFk8eot7GusdcqFIVuCOo2qs4zFFO4bMQYnrcffWywnYE+8RXWMBCQRsSK2lahsTRFWXclj4f3qNzBEbkfP8qyxtyH98VMgR6E787mpUZq4OM8OtejgCBJKY9/yrEYGbhX/ALf71jgn4CVSS8mDNl9Z6EivSc3UCSEgyIOq9q0nATzPTT/+qnRkjqvK04r+kSfgAaztL0a6svLKDuKUraEjp+dRodWNlEe9HMP2deVs0r/yMflV3/LRSJcdw7X9SkTvG1zR9vGgOediyFLWdyr4n/ip04Y/WIHSZPwTJHvTJ+5YJH8TFFzo2kq+ZtWv8Vwbf8LCqcPN1UD/AGgGt4W2zOQLweG1HS22pxXSfuTNEHMjcTd9bbA/mPi+AlSvSa272ixS/C2EsJjZpOm3U3NbY7MuOp71ZWfFCibkeKDueEKJnlRKK8ZM5MrrfwyDpYbU+qPMvwInnoFz7kVcw2RYrEfxfomwDAI0pshS/CkbyEGD1HOjWVZQlmFJSEkEStXiUCJMjgCCpAMf9tXOx7O8xaS0yoqJXpIHjJsCImLlRI9gkUfH2Bf0a7M5Pg8M4ElPflRKTMXJ7sDe0SHTbgUzU2c9pQypxtsJQkTBi5kuGQOE94belKGJzpxUFMJAAgqE7bQPXieQoU4SpRJJKjuSZ3vQOoloONNvYZzTtO84gthZIUoKKibRyCfW9J2YJ1GSZNGFoneRQt66vT8f7UuU2xigkCX0Qau5c5tz2qDFpvXnBrg1j0ZpnS8q7SFtlDZTOkRPuY4cqylNGJMVqp7DrsLZX2yHc92pMLtKwSFeFtQSZG/KDI8R50dZdSsfRKmZACgQSo93EkcTLZk9aysq2DZK0X8Hgwoa1khvUNvMUh1KVehAdHwqs5mBbSFYeESlJ1ADUfAJnVaJvHCTFbrKaAAc1wiXfEoEOG1iACLCSkWCiTqJHFZtSvmOUqaUpC4kEjeduVZWUEkjUwcrBk3H4cifuBqOL6TvWVlKaDRMMKNIUTvtHKSD/wDFXyqMYc/r1A+8gVusrbHHktkbivIHKsrKw09BXrXtLh4Gt1lacexiVjjW1Y1RsSflWVldc49fvijafkKkTiXBHij0rKyuuYb/AH92Z1kekVs5m8RHer+JFarK67NsQh1W2pR9zU7ODUoiBvxkfa0/f91ZWVxhcYylZBUBYJ1WImA2HOP8qm/9/Q0Sw2SgEgmSFFM3sdQRtH2kvH0QnnWqymJIFsO4XLEAawAmRqAvYKIIHXZsX+wrncsxjW2GXZTYthPiklZm22w8pPOSONtVlG8IFZYsY/NlrO5Atfjcch6/OqoWCSokkgeY3tFarKkcnLZTGKWjx3s25k9NuFY1ci+8k+1ZWUIXg8O7fM+v9hFDiSST1PyrKytZyKWMRx9KopN6ysokLlsINu2rKysobG3P/9k='),(12,'Porção de Calabresa',20,2,1,96,0,NULL,1,'data:image/jpeg;base64,/9j/4AAQSkZJRgABAQAAAQABAAD/2wCEAAkGBxITEhUTExMWFhUXGBcaGBgXGBofGxcZGhcaGh0aGhsaHSggGh0lHRgdITEhJikrLi4uGB8zODMtNygtLisBCgoKDg0OGxAQGy8lICUtLS02LS0vLS8vKy0tLS0tLS8tLS0tLS0tLS0tLS0tLS0tLS0tLS0tLS0tLS0tLS0tLf/AABEIALEBHQMBIgACEQEDEQH/xAAcAAACAwEBAQEAAAAAAAAAAAAFBgMEBwIAAQj/xABFEAABAwIEBAMFBgQEBQIHAAABAgMRAAQFEiExBkFRYRMicQcygZGxI0JSocHRFGLh8DNygvEVJEOSshdTFmNzk6LC0//EABoBAAMBAQEBAAAAAAAAAAAAAAIDBAEFAAb/xAArEQACAgEEAgEDAwUBAAAAAAABAgADEQQSITEiQRMUMlEFQmFxgZGxwSP/2gAMAwEAAhEDEQA/AJsGuoUU0Qu1UlO4h4bgVNONg4HUBXWvjraiOZ9fpbQw59Sn4SlGEiTRe14WdIlWlF8BaQgyRrTI7iKYgVRp6ayuWMXqv1G1W21j+8Rv+Flswdqu2eEJOtWcTuQTU2H3AApKeNhAPEVczWV7mHM+ptkNpPWlzEHRJo5ilyCKWLsFW1IvYs+JRoa8cmUXl61ylVRPtKTUIcoguBOmTmXw7UDy6g8aoFOEkAak7CiCkxZGJonA7gya9abf41O0ikzhzCbgIHkI056UQOHXBcCSN+c6V2qhhQJ8rqSrWExh/jR1rhV8KEYo0LdGZ1yegFKI46ShYIRmAOxo2YKcGep0rWjcgmhJfKjoKr4nbXCxDad+piKG4f7RbRcApW2e4EfMUwMYqCJ0IPSizV7MRZVavBXEWm+EH1j7RxCZ3iTVuz4EbQcxdWT2gUYusXgeUfP9qpDH1g6pkfKhUaVWyBn+YpdJYfLEsp4XtvvJKv8AMo1ZawG1Tsw38Ug/WurfFm1gQanVdpAk7VaHqAyIso3ufW7FpOzaB6JH7VMlsDYAegoXbY8y4pSEOIUpJggKE0QD9auorJwDM2mSxVe9fQ2nMqO3cnYVIXxzrNuMcdPjK10SIQO+8+tDdeqCUaXSm58S7inEduxnW6lIckwkflWf4jxcHFElIgk6HlXD/Dl9dKK1JCQrms6/AVOn2erSkFx2eoA+lc85bufQotNA/JgR/G07htM9edTW+MKiRHxp2Y4AtnYQnMBkkrX5Tm5ARuPWlvE/ZviLUlCEPJnQtqExy0MVvxRP1VLnB4/rBS+IX21gpQkpmCpPSeYrRMCw5N0AsNEpBGYpO3PY8/3rL7hp63VDra2j0Wkj66GtN9leLfaeGZyuJ06ZhqPymiRQxAMh1elG35E9QpinDzaQPCadKusHShS8Mc/9tY/0n9q1SvtWDTAe5zflMyU2a5IKFf8Aaf2r4q1XtkVp2Na3Xq36f+Z75TPx9ieKyTFPns8xfO3lO4rO2MIWdxTHw/bLYXmG3OotVVW1W1e509JYyWZbqa4y7Url7FBcPvMwqV5dcEhkM7QrVzmdXN1JryL6KHPKqIqoBmVfEuMS9cXxNQM3GutU1Krhblaq85h4UDAhV15BFA7psTpR/COGLl+CE5EfiVp8huacrDg+1YGd45yOa9vgK6NWltsGcYH5M512vppOAcn8CZnheB3FwoBtBy81EaAevOtHwnhi3twFBIKkx5lb5q+YpxpaspKUKGnJI+lJWNe0QuIKWWVGdCSefXSqlqrTo5MkdtVqfW1ZrNy5kjvS1xRiy20jIoBZ5H9qy7/1Eu0CHEhSgCEnN7p7iqWGX7rgU+8slSiTJ5AfpS7d5ycYEmGg2jyM0u14mbI+1gLToREg9xNFGFWlwn/DbVPYV+fHOI3Q4YM6k9f70prwNjErjKpDam06HxFHIB3j3iPQGjNFijMMomMAx74k4PbUEqtyEGfMk7R1FHMJsfDSEJXmCUySao2jCmmsr7ocUfvAc6G4bjTjdwttSkrQQJVpIg6bdjQHcBgibtdk76/MbnrdATnUv4dKAYriaUjRBXHKdY60VuXkkhJEgyCPhvSJxtfJYCYkFSiB6Ac+80ku58VmUrlgG5nL+OpWoZN0mcu23LfemG7Ui+a+zfWiRBAO3YisjxLGtCDrOxFX+FsWUToSlQI8w6d+tUFHKZjrNMjE+jG3BuBFMPBzxZhUiJBkVp9lcKUPNpSZg2LqdSoAErTvG0da9ZrunnFBboDPJKR5j2mlguWx7nONIHAjBjT61qyJ25mdqGt4S22MxAJ3zK/Sp5SFAJjKN9dz60KViRzFTjcBBITJkz36aU9awvLSusEABIUsCHDlIUE6qKkz5jOgT0FfL++WggIypSN9CVH4mhd9xA8iAhsgRMg8usdKFP361mSCdNpImj3g8CamlJbc0mevbvxAQ6rLO06/AVfbxl9CxCipHMHf+hoO8spQMqYIMqg7j1PShjXEWVRQpBCgY0158+lBsz3GsE6xC/FvFNyczRtWXmyAQFyTB577z0pOwnG1NZISUrQQY13SZHrtRzGHAUIWqQo6gHfLO/ppVRh/xFBBQFSRvuBO9GFAHEUKhjImhq9oCVhOQxIBptwHEfGbzGsrTw4ggEIIUZIjSdeVN3A+JoQVMkkKGsHp1mrEt58pz7dMQpIEeq9XKVA6iuqrkMxhHDQHKpRggHL1p3/hI1iuf4GeVcjE6eYms2BGwrh5RG9OSrGDtQ/E8JlJUBSrKVcSmnUtWYoOOioi4K9c4Y4pWVAJJMCnXhXgRtoB26WHF7hE+RPr+I/lSE0LMeJc/wCpIq5PcXsG4dfuTKU5UfjVt8OtP2CcI27EKIzr/Er9Byoym5bAgKTA5ClnEeJnlrU1at51DdRMJHqavSijTjJ5M5dmp1OqJA4Ea1uBIpF42LjziUoSpYAnKDCZ6k11dtXikwt5KVH8InXtNUr7E3GQEqIUACVL9NhHU0F+rVxtE3SaYo4YHJgfE8MvXUBAbtWxyIBKhQvCODHG3S5cLDgyqyoBKQFkQFHqB09KqXvGawswohH4QYn47ile84ofBUoOK1Ouvw+lDWWbqdR6WVTubAhocKI8UJJLq80ZUmAVTsTWgW/AqFjK/AAAKm25gDkFK00/akz2WXilXgcUMwTprykGT6gfWtavMJC3Eq8VzwVTmShZCTofey6kaxvyHxJayT5epztZftfan+YMwrhe3ZEMW7aARCno36ADdQnfaid1bZLcrIlcQUpG6ttJ1/OrF7iNu3HiLAB2A7dOtLt9xe0EmAtZR5gnWNFGJ5n+lOyq5yYitbWIwIt3d06HFZ0kJCRInYaGfWlu/wAVUggRKyrOqe2wMVYxPH/GWFKEqlS1Aab7J178qFKti4SsnUmdOX9KmAnXf1mOWB4otacy3QSfuga/Xf0qLiC2aehp1tSlTIyznHyPOg/B63C+UZdQmc/4ROpHc7CmS+4tWwS3bISnXVxQzLV6zQYw3AkfyMLMAZme33BS5ORyOiXAUkD1O9BbNh5h3KtKk7yY0I6g8x3rSMV4zXcMqaebSVyMqwO4+IPpVqxukNo8JcLCUytB1yEiEiSNd5y09LSQQ0fsYeWMGL2CcVKYVHJQg68+RqC94+uLcnww2pZI8ykk+qcsjnzotc8Hs3RzsuFtZzQCPKQDGx21B58qiXwVADjqgvIrVJTlVI+MHavKqqdxiNSN3gB3HHhrFWk2f/NAJdUmVkp+/wC8AByidB2pHusXQhSwZUSrkrYGMw+PXtQ/i/F1IWIXmBEK7GT00O+4NAbZ3MddudC25xk9R+iVEBB7mk2WMBSAByEDrFVLO5CTqTqToTMftS2u68CFIUCP73FVP+KqJzFR1oQCB1K0rDHIjpd4shP+29QYfdBbisw0CCB8dRSqHVLAAkJJMd/QdaJ4Hg6goy4tI0KdQJHUztWHcw7xJdZSCcL3Kd5frCoVm00hXLsByFc2uJ5CSkmdIMaiOlFcVv0tqyOpQ4CNFRr+VB1W7CjmEekmnAxOWx9sb7D2gupCQpkK0MKywdtwa5XdlbqVpUUkiSQecbjpPSlxF6hIiQIEDnp+lcqx1plJUmSYEA7g/tWlieJ5UwdxGJpmAcaBp4W7ipECO01pLawQCNjX5AXiy1O+ITrM+lfoD2c8XJdtRnPmTAqupiow05WoQMSyxmK6q3F+EkCNZq6ogCao27AUSs/CoeY0YnF5fwD23PSqi8TQWM1U8aZyLXcFSlIAgNjmrrSIg3F1csshtTSEqUXNSMyekfEfKjFZIyTArZg/I4jc48opSWUTI3odds3R3IHxNOGZKEBITogARzFBbvEQrOkgAgSjvS2G2dauz8LxKliyW2/GVmWUEFSQYGX96F3fEjzzxbtvII2EAkc5JGlMfA9ut8PKWPsVQNeahvHakL2i3btreueE3DcJAUBzKdanCs5/5Eq4+ZlY5/5LPFGPKREr+0A1gnQ9KXLHFri6lnPA95a1HypTzUo/pzpYevXH1hIBUtRgCnO0wbw2g1JShUF1wCVLUBskGPIDoPiapNIUZfuW1Omdtf8Acwe8zZA5QHnlT7wUEz/lSASJ7k1DcWNqUglt5IM6lYn4Apri8xFTZyMAtpOkiMyu5V37RUFniLylAKOcAjRzVPxnlRgNjIMfYUPBE0z2YPYe2QhCsruWMzhMFJEuZeQJyj5dqdbHE7ZpPknJAHk1TGoGs9KwzFMBcDRfbRCUEJWUKJSVGTmQY220ExXzDuM7gGHHAJEFUHUjWSE7medbh8cTkWaSvfkHgzVuIVjyPpUEtpWkwQCpaSRmCN4SQmZOmgikvHuInPOA2PtAmFkAnwwICE6eWZnrSZjGMysFCoIGqklQzHrBNQMcTKJAc8wkEnY6TseR1rFpc8+o1nSoYJyYUZxCBldkkq2ES3/f4fXamBhhRGYGW498A7/zaeU9jUHC3BoukOXDaiUCSgKKdQDBKySI1zawZy96K2OH5R5Cqf5SI/r6Vlg2tDRw4yDzLHBzctvq3VmyiOw59tTS5f3S0rURtJ177bVofB1qha1JKQgnUgHyk7SByPbahPG3BzjasyUhTUzn5pJ3Cug70A55i1sUWYb3ES3WpahqBrM9KLYU3nQpSnAlKVgDUBSoBMgb8/7ivtpgg5q05hIJP5Cj1thDUH7Feg3Vpp8TJrwxKy2eo+8DpaNv9mmUCUAqIObXzGOWumv60H4qWExpBGaE84Gg/WKXGMZaZcAaSCs6BKFHU8s20gb1U424gRmWrN5t+8AQOenpTWtDIFHcRXpmS42N13Mx4guMziyBHmMiefpyqCzxPKCCKrL8RRUrKYnX4mr6OGbtRH2KgCAQToCDpmkxpPOqtqhcNIHtZrC9cqqxBSjAPoKYcKwpQAW6PRHP1PYVdwawtrNDirgeI6RCIUISeu0nl0oZdY4SZBy9Iqd23cVjj8y6jeo3WGHjeNtycvm+6OdWbi9VlBUqBA7etIrd2txc/medMbVo++iG4IHvHWdtAKS9OCMwvl3cgSjcXhefKU6gaT161O7hgGoKiDyTuPnXf/w/cW4zraKE81b/ADg6UUwglQGbcbRtRscHjqLw55zzF+4t1EAIC82xzdOQoZidm4j359ByrYGg2pOqNY1IFBsVwhtyU7HaR+ora7QDF2VuyEZmVIph4cxxTCVAHQwfrVjFeCnm0KW2pDoTqoJMEfA0DwzCrh4K8JpSwkwYjQ9NTVO5WGQZFtYHE/U/8As7mr1lYR71XGTI1r5dPBCSaCqkfcYhrWPEWeJUZ1qQkgZUgx360q4S+fFOYgKAIBHTvVTE74uXpQVEAg7GJ7VPw+uXlJIRkbHmM6gTznfal2OMy6hkVdueYevkiFGfNpoDvpUeA4EhSfFfOxMIHIcp6k0IffVd3fgMeVtIlxfT07nanZrDg23oNAO8mOvWloC5yBxKLyEQLnkyQX3lytIyJA05D4RQPEcEt3jLyEuH+b+lE7q1kJUlR1+n6UNumdyVZQNxpXmXDZI5iqkX9sWsQ4ftLUl5thKArKkACSZ+9B5QDp29KW77EwpKk+aYkT2O5jbaj2OPvuoBKSTmWmB90JOUDsMo+tK12yvIkBJJSCDoCRM6fpQk5bM6VI2149xfxBsKCY5fdA3kmfN20rVOGeDmi3bKYdBCmlKUVZdVke4U7kBUg9udZ3a2DijqDvzotY4a6lwFC8qgdDJlJ9BzrVuwcEQLqWccNiNOJ4RiCVFC1pTalSUKGYJEKUBATqRpynbmKzTi/Aks3D7aSIQZETrJgR0FaO8UKyh5Tz6wdEFSjJ2zeWNelQ3vBj9y4u4eWEhafMAnUJkHf3ZgRTA3ORE7SFIcjr+kxF1s86hS0VHKkFR6ASfkK3r/ANO7BsJLja1qO2ZfvSNPKI9dhVoYXbNqCG2UIKQfdgRyiR8qd9QF9SI6U2dGZRwTxwuyStoglpwjPlMKI/CCdBM7xTa3xgzcKJDZTCZCRASEpgAqiNdtdu1MtqGGz5UJBMgHw0Geo92uLjCrF8KDjLfmEZ2khC5BG+UCRI/KkWWq3qVVUPUeeYJw7ihlol3OlKtso3IIIIB200179qcMF9oVtc/ZuKDSoPvkZVehOnwNIt/7OUEf8u7CuijIV6c5/uKWxwpeJuGrcsEqcXlC9SgdSYiAkSdelLCq3AMK34WGX7m3G0QZyJKUq5t6fTTlQ5fCjT58ztyPRQA9NE0UteF7K2ZCfDT5BJWZBJ5nQ9eWwrGeNsVuH7optPGDQORPh54UrbTLvrS0Qs2AZMlzYO0maxZ8BWjSTBWCo6qK/Mf9UflXDvAuGEy4jOf5nVH5gKFZ1gHsnxO4Uly6e8BO4zkuOf8AbMD4n4Vo+BcEWtj5klbzh3Ws/QDQUyxNnIbmKW97DhmMK4VgGHsx4Fq1M6EIB16yZ+dQ8RcOt3LgW8g+UZUlMbb71f8A4gp1ED0oVjvEeRry+davKJ0CZG6iPoKUXyOZqVuHysCXXAlg6CPePXNCh/qEH5zSDxV7Krhvz2hLyOaDAcHpyWPke1NVpcKXBWClafeXPvDaSBsdN+frRW2v3kH3iocuc9pp1bunUqspLdmZLw5gjn8Qht1AQc0FL2ZA2Pvcx2PWK0dWAmyaSRlVmM5krkRroRl2iNe1Hby7Q6iHUp7E7pPY7iiS1qdt/DdQrIAPOQlIj8QPPT50xT8mc9wGtasr+IGtn/FbKFQQQlIBjmInbza/WgaMJSEykZUbnUa+k/SvPJyJV4YzAapJO+Xza9tKDYJdXN4pt18pS22tS05ZzOOQIKgeQmRtzqcMWBPoSa3XYfC9QoLgE+XQfWqj9xrMwoH8ulQ3j3mVMTrP996BYji5kJmFHSeQHc0aJxxLxZlQYcfeKlpQmQVAqMGRlA1JHQD9KNYVYJbaQSjIlQlCdvL+I67qJJnnpSlwbcjwnZWPFfcSwFGPI0PM4qTtuP8Atpk4sxcJeAaP2YSEogyMqQAPyFbYoWMoGTx/mbeSEjXQClfiDF0wQFada44hxAlxSdcjY+ClEfp+tZPxBiTuVQ8Uxrvy9Kdbec7VnLp0jbd5GYRcbQq9aczBSQYUmYOugPfWr/GOLtsrCG0gHLBI0JFJ2B267hvMCQtKgCqJy66GouKlZ71KZ3UhJJ5yQJjvUpDM20mdDT10Fi6joTUfZtaFllKlpguytRO5MEgHpA+hpxu7kBsrMwTlSIMkk5YjfekS2xdDYJccyNpiFecE6+YIjQzMRuYgb19c46bcdUlxhxtHi+QLRBJ93za+8ogmOWg61XU42SC/J1GDGS5fedSlLYyoBTK1HcTBSmOekUvcQXOclKFKEE6zGo6dYImaqY3xYrxQhAypQCkDTQdRGxjSfWKWMXxgKKd53UddTFItcHgSylGHMM22PJZKm7qfDd2WkglCufz3+JPOirGHWj6PFDg0A91RSqOWh3kf3pWc4hiDfhkKEz/fzoEhNwmMqVoCvdmRI+PKvV5Kx+R+SDND/jWEKOcKKe6j+nOqWJ8WtDRpOQDpEkd9N/jSDfXDoMLJmhb1yaKvTE9mFbqq05mucPY+p1ouNtkuqcyKUB6Hy8gYI1q/iTWJ+EVFT0BRhKVpCQlOuYmRGukUoYLduvtpbtUuLCEpBCZ8nYnYSZPepL+xuYISmVj7pXr3jvSTw5B/3NDqFDZH56zB2IXV2CFLWsEjMJXJ9TrofzocnF3gr3lHqAo6/Lel+4vnCTMjXUd+9QB9YMgkHqKuXTfmSWfqg/aJotjcOqEhR20g7fCrt1ibqUAHLoIMyCfSDWcWgcOyj86neuH21aqOnUzoaV9MM4BjRrCQGZeJo1jxkgnK4nKOoM/7RT5gvEjaUBTx8RIGjo98CJ80e9tvvWBf8Xz+8EjbYAHTvVm0xZTegUcszE6etC1LDruaxpvXufoHC+OMMu3CywsuLAmFNrAyggEypMcxRhzHbZlIGaBsAlJMR0A2FYXwPdNoU6pAhS/Mo9EjZI9TNNGIOkN5p8y/dHbrU15IfCSFNODwTG689pNmk5R4yj2SANO5NBsT43uFoUplDbSZASTK1KGufXRIUNPLrooGs7xC3KV5i2tRGkiIPpV82xWwpQSdDMyoEadAYkde5rcADJmpUob+kks+Lbhx1SXFgqmIOg0mYAidaOC+JAK4jQZY58tPWsveQoLMnXfvTLw7jwQB4wlM6K7x0phrC8rOouCOI7NmUmfejXlPp8a5w58mfLtuOVTWVyhYzNwtJ3g7VcWE8uny70xeRJbMhpXfe0I1Gh1MwPj/AHzoPiXELVuypC1g5tBlSon11hJjkatYpdFEbnmEjYx9IrOeKHC4Upjc6dqxeWxBur3V5EcMNxVFypDKUShSVpVnO4yGYgRIOU71au3GrVLakDQoBVBMKcITMDZIG0DSZr5w1bt29ulKYLqhBn/pJOsEf+4rn0+VD+K30lIH3oOXXQETHrQ4UeCznvpAiFjF3FsaSPNMK1JT3PWlK6vlL56c+9Q3LakqIVvXDaZIFdCupVGYt7mbxHEdsIu1MpZhMSkiDzKxBPpBorfOidfhA7Clpq6lxBnRIEcu1T41fjxNCYqF03NOzVbtQTfLj7VLqc2ZRJIHJIA5nrWOY+/kUrQq6CNv6U9YjijEKTnWkFYJ8Iwr+YTtB70FuuKLZtUItFKMES4d/wCbTWazKk5nlpsKlQDB3BuMPIzoRbOONmFKyp1Ry57+m9B+Nmz43iISsAgHVKhlPTbQ0w4TxJcPvhu1ZzObxm0yp5wrTSn3D0PyVOZm1HMFb7jcgGQddtqEABw0D4zSTyOZmFzjanWGvOfdEgH3Tsodj+9LFy6UkSTpomOWsj03pn4hdbduFNjyu5yFKSkQR91Rjn1oXinBl2hJWMq0iJhQkZp3B9KKvbk+gYVm3xLfcJwxicpBJ20nnX029w4pIbbJzGE6gT8zt3qbgzCSHw88Ps0ZjHvHxI8kpE6TB+FOISWlEIzPXTqU6JbWRBMlKipMJP6J3rzgK3jzBXU187jiVLLDre3SfEUFPaS4RKUA+9A/CBJ6mu3v+YLiiNpyJJMkEgJAMctzVvDsGWCfGZWjfRQ33Hy6UYuLbwUeKUeUJkAAknodOVKL47jHdB5KeMRTxLg1WTMU+btsN9NdZ0OuxERVbhr2Z/xWdx9ammwvKEpAClmAZBVoE6jkZ1okjja6SsgoAQToEjIobRqdVbc/yq/w7jy1LdSokJVOXUSJGUn4aGsfUMg8Zz/nW3gmOOGWDDNt/CWrcJSIkaZlc1KVuonmfhQtHDiLJty5uHcyjMJ+6npHMqpMtOK12CloWpx1zQEqIgRtlnr1qLF+InbsS7mAGySR8wBpSyznybn+YKqM7QYi3tgCtxyPeUogf5iTFW8C4PeeAcIhKtU9xJ17DSmDhzCBe3GQGGkHzncDt3J51sVvb27DMJASqNFR7vSBt8KvFrYwYYrUEYGZlDnCqWAJEkgZY60t8b2aWz5TukAeu/0rSMYvBqCoFJ5nffqf0rLcWf8A4h5apJSCQkdQOdBSfLcZZecLt/MWg2akUg6fWj1tZA7xUT9kKq+cEyH6TA7n3Ab8tzzgyR+LoP0ovgHFilPEvn3jyGiR0A5Cl5FkomQPSTE+nWqT7KgZ0Edx9Kz40cn+YIc1TYbh5lSFLQCqAYgx/elOPDuGpcsUBacqjnO0aEyO5EGPhWK4PfvpYCyIRPvAiTBjUbkTT1g/HkNJbXGggKT09K59yFc8Zl2PkQFJzjXs8Q64XA9kPSNqXMR4ZdYSRo8iDJR7yT1j4U8O4oklJC8wPTv1jaon3UlspUBvMzBg9DvR1lsAGCSw6meYUl1vzsOSeY2PyOhooniO8HvNZj1gj6VUvv8AFISgLEnUnLlg8lJO9cJwhx73HHAJgjMSD1GsH603x9xgsYjrMjxPjN0iMiQRIB1nUQaDWK/HcCnVQCf7+FELvgt4qzTvyV/Sozw3cp2SDp91WpHaYmm+AHB5ic2M3kMCGk4lkRGYAJO2kk/Chr7kDxJCifumRl1ny/rQr+HczQpKkdlAgnvrRK9bcLQQkDTn/e1JChT3FWaysnnsRdxt4KcJExVFKtZqy+gg5VCCNKrpbJISkEkmAAJJJ2AHM10F6xILD5bpatnVFQCQSokAAakknQADczX6O9nPs4Zt7bNeNIcuHYUsLAUGhGiBykSZI5+goZ7IPZj/AAoTeXif+YIlts/9EHmf/mH/APH121ia9tA5mNcxGJ+fcOwt1xQSQQTpqNBVhHB761SpIKEnUSJIHOOafSqeJcfOq90hIiISIH1NBxxa8AoIUoZtzJOn6DWuUAc8CfT4sI8mAmjYPhNrauKuUpDcJIPm0Ext0mKo8Re0NhBypStciQQRoTy1NILuIrWmFvlMclHvvQW9ukEBMHLJJJjMr9h2ohUXOWktiVAHJyY7M8SpedbT4CgXCMp8sx1PONJ+FGL3GWnmnA2fKEnUpnQKTqNdyfynrWSNYksupWFHMCIM7cvhT+tLNrblKgoukaqQRAJlSgrNrHlAEDrqNq9bpwpGJBXZTX5NkzULPEEtWRWwEFDaM0ACdpkzMHc1mmM8dXilZm8gPPeY+cVHwhhjzgcLzZy3EeGCoyIBV12UD+QpKxhS2nVoOwJryUnfgnMoRU2b2Hf+Y9YFxM667lcGmmYJSAokmITPPv2pqddUw7CipSj7oWZyJVqkAABJgc4pU9llp42dfjNpUCnQiVpSJGgGwVzP8op+xDhZLnm/iAVbyQR8Jmam1FSjxHEAtl8+p3dKZWg+KhK4082v+1J2MN27Ss7BU2TvEKHoM2vwBo7fYPdJScpS5I2SrXTmMwrLuKcYWhZaW2pChuFCD8Oo70NNTWHAgOiAbmhvEbtD2UkthxOkq6frQnFlKX5RcstzsApSlK7CE6UqsIU9mzLACQTt9KtcKW4VcpmISZ9Y2/OuimmFYznqTJZ8j7QO5tXs4wtFnb51bka+piPU1a4jxVSgcohKNVfPb67VQu8W8BtPm2gQCIkjelHGMfU4CfjA0+dIJJ4nXSoJ5QXxTjQSMieY27/tQDD0mdYn+lC767LiypRmjODrBHfaqinx1ySu4XWmW12/7R+lWrSEa5B/mj6Ag/Op7a0k70UtW0IBzQTpr0ipsmUsAO4MfR4wBUSSPkfltVe4wUKEj/b4UctlIccOVPlTHm5E9KLCxTGkDX135VgZhAVK25mdt2bqQQgnLJlJBifSqDzjjZnb0rT04cdDpqSIOhOvLSgHEOExOZECCRrv6U1beeRPNVgeJixh3Eakbkx0q89xOt5SW06FSgJG4kxpS/iFnk6/3vXOGNnxURuFAj1GtVfHWRuEi+e7cEM091lpptKFjKNh6gxJP1py4fwFa2ULEIzagZeWw/Kk+3xRq4ypVCXBr5oygx930rVeHXkrt2mUqkoABM6zE6RpH7VARnuXagtWoxAl3gJMAL1Ok5dNOutBru08JZQ4E5hqI5jt2p6vGEJ+e870pcXMlLfilQSkaa8578vSlAnODEVXv75g9eHh4GUCNN43jkeVKeKNhGZIGoO46b/GiSsfQlKUNkq2lU7nv27CreDYIu/X9m2DBhbh91PYnr2GtNVSx4ha3To6bm4MSF4Mu5KA22XFqMAAaknkOn9K2H2Y+y1uxIubiHLmPKN0szyT+JfVXy6lw4a4YYs0QgSsjzOEansOg7UXUvkK6FSlF8pxVXHE7Uqua+VyVURMICfktVy2tYQ0yrOTASTOv61VvbN9teRxtTc81JMfMDX4Vp3GvADlq+m8ZEoSsFXYEwTr2NUmuJSp0oUZQlRBEyk9wNegNIOE6E6ldrW+JbEylb6pjbtUa1E7mtkxjErd1ZK7VtSSkZRlTuBoSSDPPSqVqLADSyazSNVJCvXQ6fl8699Ug7Ew6G5v3Zmb4Hhrz7gSy2pZBEkDROu6jsB60249bocVEeaCFK6kHcfy7R2FN2J8Uuoa8JhLbCOfhJCZ58ttelZ1fXuUqUTJP1pL2fKwKepbpdGtKl7sTVMFxops/DS2hQCBKDrmby6omZCwTKfSKzbjBSXyXx7wAzACJGwMD3T1pg4UufHtpSrKsDIqNwREK+Q/OhOMXTiSpMDmNgZB9RtQhnV8H1A8XB+NeD7zGPgzCWLVlLhSlTy0glSp8oUPdR+HudzV+9vl5zlcIBG+Y7jeNYApJwviBaEeEvQD3ZHLpNTP4hm57UFiFmy0fWERcCG3uIbhtWjhI/miT8hV5d61ep8K5QFQNJ0UD1Qevakw3aUmVEknl2rlWIpn3qEVEcrCbYwwRJMV4CWglTDso6GZA7xvQixsH7V1LjjSijYlOs+h2B9abG8fQptCVLOZJPmG5HQ9atf8VbWDCiFx76dCfUbK+NO+ewDDDMnXRVZ3LwYv4rfhQkKkbxCp1HpHb4Uq3l6o+XUD8zTu9iKgSXEpX0MafLlSxxA+hRlKQP3o9MRnGJmvRymd3ED2zBWrKkSTsOtFMHQpKyAoTzG/LX9aH4bceG6hf4VA6etarxArD3cjqmylzKlBLSgJIHvkbRHz1qi99vBnL0yA+QODmCL1bnhh5tILUAFQTkSD7sT94yDt+E94EMpO5JBVoIPv66mfUCpcXw8FsFtxakpnykmE6+8kbevrQ2yw5SiQVECAf9un9amUKw4MdqtLa7ZJ4jPYXizCEJyQMqiUiPVQketG8KW6EpEZ1Zj5tfNvsANo50m4ThL1xc/w7alkSM6tTkRpKiO06CtWeYt7Jkt23nIMFxWql6akq+6J2SKxkCjJlFFZGFBJ/wCQY465IIRB6mNAen986qpL6iczYWBsNIHzqFeJKUddZ5Dv9akt3tYnXaPp8anOT3OjhE49z4/bZxlfaGX8KtQPTpSxinCnhuIdtTPmHkVrB7dR2pncxNRTtlJ69aiQ+lwwo77HaD8KYrFOoqxRZ3FnGrpbpBcQlMAAZAMqf8qeQ7U78I403bsJCStWYAGdx1A7T25VE5ah5oBzJnbTkACY0SdCTzkGZ9aCt4Y6lf2SZJ+6kTPwFY2SOJG9mRsaaQ5jQUNY5ED4VQ4iYXd2yrdHmUuInqCDsK64e4JuXQFXP2KRskHMs/on4z6VoOGYUzbphtIHUnUn1Jr1elsLZbgSZr0T7eTM64P9lKEQ5eSV8kBXbmRoPh860y2t22UBCEpQhOgSkAAegFeVcTonXvyr4E8zqa6IwvUmssew5YzoqJ7D8zXQrma5UuszAxOlKqu6+Bzri4fABM0nXeKB5ZyL8qdPLzOs/SgZsQgMxou+HEuO+Itxa94bcOZsT/JoD8ZpC499mzq8z1kGw5JKkJGXP6CSJrUEX7Z2WKmSsHYg0340MBGZDkT8iX+JXLCi0+hSFp0IWIOlU046ua/VXFvB9piDfh3CNfurTotB6g/odKwDjT2UXllmWgG4YEnxG0krSOi0TIH8wkelZ8SexH/V2+jFi74hUsRQd14qOtcAa0ewBhIWFFCVwdc23x6V7CVDIENWu1J2k8SrgWJuW68yQcp0UI3FMyr9Dsd+Z5dPSjtyhC0qLKISrL5UkEpOsgpkqI280jc8qHYraoGraUpXlAUQk6qT95M6gnmNjrUdliuckYnSooaoYBzKF1bIIywPj+lA1trQcqRmkwBqTJ2AjrXL+ILSSD/SrOC4yEOhwxKQSmRPmiB8RO9MVGUZ7ES9gLbc8y+eGHEpC7haWZ2QZK49BtUSsKaSgLKzqSANtudX70XDqUOE6KBIJ59Y9KjYQEgpJkqBGsEwd4nb4UveT2ZTsVf5g9JtwdEqUPWjGHBtRlKY01H986prbSPdEEVwrEygEfOKE+UZuAEPuts5CCCAT0Pyig1zwshzVLhQOi4P0qkxfXFwpLTWk8+Q7zyrReHcOYbQULyrVJzrVJCyBsnY/TlvW7XTkHEQzizxIyJluKcMOtHylLgImUH8oNUUvOskJUCnselbC7YeKojI2GxokAAQNTI6TzoXiPBNu5qc6SOYP6GaJdV6sirP08DyqPP4iTY44oaA76R1qym4UdUgzP4dAOk7x2pj/wDhxm3BKGyrqcxJ0POgD9yFupQEhEqGwjSefOh3KW8BKgj7P/TGY04Of4JkXSgEC58qVpMpT2Ud0q3MHausQxRoqyBaiSmUk6ZupEb9BVHGWDkyoXKQQoISBlEfVXrSwmQ4FgHy6/KvYVzmQNqLdM20j+8ZLh/IMx06evbWJqRi5UlMqUQI1ygGO5H61ZtcOeukwhtaiY90HT4jSmjAvZrdqB8ZSGkqEEe8qI7aD51qoSOorUOfnD5mfYlfkAFDhWo7AHbvR3BsLefIDTS1qgSUjygnqo6DWtSwX2b2DGVSm/GWnZTmw9Ejy00+IhAgQANgNPyFNFA9zW1p/bEXA+AndFXLoGmrbf6qPTsOdOthhjDA+zQlPU8z6k618VeE+6Piajyk+8ZpqhV+0SV3ew5Yyyu75JE/So8pPvH4cq+AivZq3OYGMSQGvFVRFdcKcr02SldQPPRUTr8Uq4zjoUVNtmVAGSOXb++lCzACaBmfOIsakltJMDRRAOkjQaUsFOQAeeYk5YA1239KsNIMBKiZUoHoIJid+neu30BJk7EmEncAGPz/AEqZmLGOAxNVXZNndtPyqu7hjc6Zh6KP61dzRv8AHvXDjkcwBzmmk8ScZlAuraIElQ7/AL1cYxFCucHvVK+eSU6eYlUDKdaDvgpO2v5D+teW0iMKAifOJ/Zrh18StTXhun/qswkk9VCMqvUiazriD2RX7QP8I628j8P+Gv5e6r5j0rRmL5adlH96us8QqHvCabvVu55Gev7TPzuLbErB4LcYfYKdM4SrLHQqTKVDtNELC/bezJKjnUZSARBJ/ETynl3r9CtY80d9KrXeF4c//iMMKPUtpn5xNA9aP1Kata6fdzPzRjdigqVHIkSNJpbdZKVaiv1PdeznCnZhrLP4HFD8pigd57E8PWPK8+n/AFJP1TR1qy8GZqLqreQCDMgXjAMD7oEAToP61Dc3pOoiK1Fz2CM/cvnR6tpP0IqFfsIV92/+bP7OUH04HUL63d3xMncv1RuR6VUzFxQSOda6fYM4d79P/wBk/wD9Ku4Z7Dw0rMq9zejUfVZo/jwOJh1Kt2Yj4U14TWRsQVgBw81azHpIFGcPSmEpSIIknuSd/lA+FaHbezJhPvPrPoEirjHAVkndbh/1gfQVM1DseZUNbSq4H+omWiI1JqZ+5SBFaA1w/YoEeHmj8RUfqattNWyPdaQPRIrBpfyYk64ehMiVavuyG2nF/wCVBj57VTHsuxB1xDgQhvUSXFgadYSCZrbVYogbRUKsW6A05KUX3AfXWN0AIl2HssMy/cnXdLSYG0bqn6Uw4dwFhrJzBhK1dXPN+R0/Krqr5w9q4KlHdRo1Cr9ok1ltlv3mFfHbQIEJA5AAD5Col4j+ETQ9KAKkCqLcYvaJKt5atzHpXxKBXGavoVWTZMFV9zVAFV7PXp6T5q+FdQFdRrdr0yTqcqrdXiUglRAA3JO1C8WxttoanU7Abk9BSbiN07clOfyoJnw53H83woWcCEBmFMV4jLhKWj5RuQDJ9OgoayhSYIUTmJEZeWg9Qa7s2AAQoRJ0JOsjt8aIraUn3SkBOsmTtz+dTMSTkxoAErQCsmSFABIE6CNJHXQVP/DLnKNQnTae+89aht8qilJURKiYGytOu/KpQ+pIEg6zEnXpWTZp69x8aoYz7ivh9a9XqY/uIr7gtj/EtvVyuca/xFf6a9XqBeo09wcdxXDnP419r1MgyCpmK9Xq8J6EWquM16vU5YBltupa+V6jgz5XBr1er09IlVwa9XqCbI1VUdr1erDCE+N1ZTXq9Xpk7Ffa9Xq2ZOhXjX2vV4T0+ivCvV6vT09XJr7Xq2bPhqldV6vV6eme49/jq/yD/wAq7Z5+g/8ABNer1Sv90avUsXGyPU/+VX7P/Dd/+n/+1er1DNMqW/vo/wAifoKt3Wyfj/5GvV6vGen/2Q=='),(17,'Pastel de Queijo',10,2,1,90,0,NULL,1,'https://encrypted-tbn0.gstatic.com/images?q=tbn:ANd9GcSyI1QAgO3KfywxsZasGHqEc25DzLLwWyifbv-5y3qPWg&s=10'),(18,'Batata Frita Grande',20,2,1,91,0,NULL,1,'data:image/jpeg;base64,/9j/4AAQSkZJRgABAQAAAQABAAD/2wCEAAkGBxMTEhUTEhIWFhUXGBoaGBcYFxgYHRYXGBUXGBcaGBcYHSggGBolHRcXITEhJSkrLi4uFx8zODMtNygtLisBCgoKDg0OGxAQGy8lICUtLS0tLS8tLS8tLzAuLS0vLS0tLS0tLS8vLy0tLS0tLS0tLS8tLS0tLS0tLS0tLS0tLf/AABEIAK4BIgMBIgACEQEDEQH/xAAcAAACAgMBAQAAAAAAAAAAAAAEBQMGAQIHAAj/xABCEAABAgQEAwUFBgQEBgMAAAABAhEAAwQhBRIxQVFhcQYTIoGRMqGxwdEUQlJi4fAHIzNyFUOS8RYkU4Kywhdzov/EABoBAAMBAQEBAAAAAAAAAAAAAAABAgMEBQb/xAAzEQACAgEDAgQEBQIHAAAAAAAAAQIRAxIhMQRBBRMiURRhgZEycaHR8FKxFSMzQsHh8f/aAAwDAQACEQMRAD8AXycEnDMpUsnWwvaKfikspJSqWsX0ymGSu1NRKUUiabEi/IxBW9qZy/aY+UZxxxXBrrdVRDQTnDBJGUDK4tFkwSR3g70ByFeIbIS1zzLxUU4jMmFouuFVWSSywE5mypTrbdUcXWpxjqhuzCVXYT2kwaW6Zve2sC2vpD7stLkCU0zKsDRbX6HnFTrpHel0qGZiz6Hl1jRYUkpTKWSD7SX0Mc+HOk9Vbivui5qwymnTCZZykbDSN5PYaRNGcTl630seERYHKVlBmJAI0PLnDHBqtSpkxaT4LAcyN49COXi1uzVOWyZH/wAAyrfzVW6RrUfw+QQMk4jqAYsgWdYklLjakXql7lUX2E2E5gOWpgZXYicn2VpUPSLwRG0tbawtKK8yRz9XYypZhkt+bX3RunsLUG5VLA6k/KOh54wZjwaEHmyKGrsTPZhMR74GmdiKlmSUHz/SOihUZSYNCDzZHLZ/Ymsb2EnooXhdP7IVjf0FeRB+cdlUuI++4wtCH5sjh83AKlDPIXf8vxgWowqoUbSJpD2JQono/CO+Jnxv3o4Q9CE8jPnlVDNR7UpaeqSPlBFNLYOdT7o76vKR4gPOIFUkneWj0ES4J7WUstdjgbEuToI9Jp1KLZFcbAl/SO9/YpR/yk/6RBKJaEsyQOgEHl/MPN+RwabST1DIiTMbc5FX90a0uBz3JMmYyfymO+KUNgIwpXKH5YvN+RwU4dNUf6S2H5VfSJpWGTlG0mZwbIfpHdEqHARiatrCGoCeRs43JwCpNkyJh4+FvK8S0HY2rBKlSSNwHH1jrX2htYymfvC0IPMZyap7LVj5lyFE7MQQPfAZ7O1ebxSJnpHY/twMFSJrweUg81nDsTwueAAZMxv7TA3+GLCXMtbD8pv7o+gS0RqCdwIFjpUPzbd0fPaaWaS5lLA0HhP0iCfhc4A/yZjf2K+kfRIlD8I9IkCeUNQoTyHzIJa/+mf9J+kej6a7lP4R6CPQ9JOs+bf4gUcr+rLDLzeNtFPoW4v8YqaJjhyWbU/veD8WKjMX4zle97QmqVvbYftzzhohhNNXkTElIZIOnF7EniY6th2GlkzFBwxsemsc47O4UahYlyjdgSToCHd+UX2cioQuXLC3GW5Glo4OulwlyZSS5DMPopZlKMxWUhRv0P0hcKHuVgvmSskhf1i0U6f5Z8I+vERX8UWpMxKA+UXAbaOHFUlaJfA+p8VyyFgXswfnaH9DMACS2W2ghBhliCQG4RZJU5OyY9TEmlTfBvDgbU8wNpE6G2DQJRy82thBoQ1oqXUY4y0tmuhsyEPGi5MYRUMfE3WNcVxAILM5aM5ddgjBzb2Q1hm5VRLpGFK5wnGKFWgf98o2nTZgZsunRuUcL8axNXFM3+El3Y2C43z21hAZ83kehEa01TNWfCD12HnGf+Nq60Mr4La7HdVNKRYPENIokBy5c6decRrmlAYkknYfThEEpa84JDAcwPdrCz9c8lKvp/2EMKjuNCNoyTECp4J1jwnh2Gojtn1qUElyYrDvubrVxjVSyBaIjXJdiwI1fX9RGiK1JUEhQc6COB5Vzq3OhQdcDFM1gMxjbOOML5ii3hIJ5294eApip5swSOKS9viI634g4/7bMl06fcaVFYlGpc8BHqep7xLi14RlJNhDCmVoEOALnmfpGWHxOUsnq49hz6ZKO3IxUtoimK5xJNNnOkBCfm0BbnHsa1dXuclPkIyRlZ2EaoBI5QRIlRQgeTSkl4Yy0sIyA0bwwMEx4iMgxgwCN0jnGwjQJjxMAG8ejXNHoAPmHtaqXmZKk76N8oqqZJWoJSHJMNabDjOnIlhbFagAVEsH4xev/jSukZVS1yltdrh+RN4ly22BxYvwBYpkBISQ4IJSwUonmYPrsWKUJCEsoWvc5QQYPrezM9OVfdlRH3U+K55CGNF2OqZgdckpe/iYR5EozlL8Ji1IAwrFpyEEqCFZr5VWY8iIBkd+uaFL0draZXi+zeyRISFJSMoubOYjGFmmUCnxFuFhyhzbwLVJbIpQk3QJQURzkqDS3HiOmlwPdD6TOD5UgEBWVzzYFjvxfnEeFUk2YXnIyS0KPhLPMUD4SA1kfFoOqJ2aamWGZw44x5/U9TmdNOt1S9/zOzDhsnrUBDEaWBu3mS0SNlB8Tx6ol3c6cOPXlAlQsEX02H4ufIRnkk9bdbnVFbJG80OLEdT+7xoutZISLsGc7wtq68As99kiElXiSjmdwBwjCWatkdMMDnyPV1oGnuH0iKepWUKsAQ43cM/wiCpV/wAsuYmwyO3LLf5wzopYWgZ/ZCAD0ygNEeS5csraKsDoELmXS7cdB6wyVUdzlSS+a5PD0gpOyUjKkAWFvKK12lChNQc3hWWAbgD63+Ma+X5MNUOfcmL82dPZBdbjCU6qAf3wCvE1EpCUElWjAn3CCKbs3LmDNOUrwnwhJa7anXR4LoaMUqFrKs6lFkHgnpx4+UNRnJKUnS5ZWrFHaKtlfr6+eEk3ABYjRnifAMVdWRVl89zuDzb4RrMm5ypJuDY9DG0mhE+V4WFRK8Jb7zeyTzIYv1EZ4/Ur7o6JadNNDvGaVM1AU+Up35HUGB5FBIlllLVnbV2seDbQHg2NCaFIWGmJstB16gcPnAuLyigFQvwPIRpl/q02zGEJf6bdFgTR7y5x6FjG+SaLkA/2n5RTqfHBMypkIUVAsok2cWYcS/lFhpUz2zZ8pdgDd9N9tYpNJ1TX5P8AcjJilHloNFUH8QD8wx9YJk1CQGZuesJZeMJUSmbLDgsW4w0pqKWsBSFqSDwioO5eim/1Mpx0r1bBE4lZSywAPeYyUhYUhQ8/gQYCqKSai4GccrH/AHiKRiW1xyMU81S/zNvzI8u4+ngCr6ucmeUS1MhLJyg3fKDYHVwbOfhBmD4h3aiCSQpmd3NyCXa93vvaNcSohNmy1iyspBb72jE9A94zj9JLTJ/mXDZQn8RLMEnUG31hxy5FPUpcfyjmlhpWWyVNSbAgln8jEsUrB6OZIRnTMswYKYMl/ZKm0c/CH9Fi4UPGMpFnYgE7sTtHs9P4hDI6ns+3zOeUHHkakxjeMAxnNHoEGxVGsagxI0Az0eiPIeMYgA+Ue8Yu9wXHUR2v+H3bdFTLEqYoCckXB+8BuOUcYmSCWMsFXHrygIzFypiVjMhaS42I84hGs1To+rZdQx084MTUAxx/sb/EITz3U5kKbw3fN0Ja/KL3T4j4gnWzvwHOCUlFWzOiXtDVKzllAJSkF3Ygv4rb2aE+CSqgEzJiFJdB9pbkF3dKNnvrG+JIC1ZyVZLEElgSWeybuLa6RphNRNn1C0JV4EspSgXABUWA5ljblHyWbLLNllXLOjDBXbfBYqFR7sFRufFfgdPd8Y1k0SEkTC+bVy/q0FTCkXP+0KqupUuw0h5HHEle7XCOqKcnsSVNWZiwhJYE3PIXPuEKsUxF15Jers+w5CIMVqO6lqU92b9IQolzVoHde24L6AXuX5RzqWSX4uWztxYY/i7DLGKXJKzBTli/XaPYLh0ya3eEJQ3iLXI89ILRLIH81T8tnianzzjlli252HUxMParfsU5vTV/ULrquUECUhhLSMrcQA131ifDada0JdOVAVmvYqAZgBq1t4kpsIlSvEs51cToDyT8y/lBIrApJI4s/Ftf3yjrjjqTlmlu+yOOU1VQ+4LiFdksA6lWH1iCWLZlsSN29np9YCqp47wqUbJsBxMJ8SxkrORHQAcYh5XKTf2R0Y8DaSX1Y1pMcR3ypYLgXUH9l9CeDtD6dJTMQUE2IsRsdiIqFJgxlS8iRmmzDmWriTz4beUNcI7+U6ZoCpexSXKOoOo6Rtgkk3CW6JzY4/ig9/7lfWDTVCpc37wzA8S7W4uPhFlo0ypTTyGWseK5bKD4baWvfnE+L4fLqEpzAFSDmQrhy5pMV3Gq3IgvYjwgHj+7xOSPlS9Pfg0jLz0l37jPtP2cVOUiqpiUTke2kf5qGuOvx9I1oJ4nJyqseB2I6xD2Xx0oSmXNJZvCrgOB4iH9bhyZpE2WoJXxGi+Dtvz/AGKm/Mpx5Xb3M5asXon9GV3CMNl06lABlOWfQDUgQ1k1ToDG4UYjxSnE2WpCyZc0Bn4HY87wuwimMuSmWS5SGJ4kAB4ycq7/AL/UcvWtT5FVPI72rqVOwExIt/8AWkn3w8psQXL8Fygb7u5f5QFgMplz3DErB6ulwfRoip6l506WoOAsBLc0i3r8YnJf44+37Gz9Xpe9UW6jxZKrE/vnHp9OyisISsG5DXFmccoUz8KUgBZIyn8JuHg6mmTJRZfiTsoXtseUaRySktOVcdzjcIreDIZmKJSSuWm7AB9gNgOrl4mpCmoQ8xALEsTqCdwdjB0yglzWUAOJA0V9DC3AqvNMmo0ZamDNoW02itE4zWp2n9helxdLglx2T/y2UMLoBdwCAQprX298IKOpnq/lqufuoDXd730Jht2xJ7nKyspUCSkkaXYte+kVZOI5SkhQCQ/hzOQrYp3ys2phdRH1UuKOHNydEwFSu7Gd3FvEX9+8MFSyYqnZrHHKJZL5lHZm23Ng/OLiQY97w7MsmFLutnZgzVIiYARF1MamqSN47xBEYgX7ajjHoVhR8u1NCuYsJKi+UlkpdgGZgOsM5HZCvqJRCaWcoouhRQU5g4BS6m6+UfSlHhkmVeXJloP5UJBbg4EFZobYj5ppf4TYqWV3CUb+KakEf6Xi94DTVFNJMqqWJswgstLkJSwTlUpnPiOsdVrJ+RBUxLB2EVGZNQFFQUCQ5uLJs4LcQHMeH4xncIqC78+/yLiVqvKjJ7s2cMTmBfUpUTpq0Pux1OimpvaeZNZalaP+FuTN1eKNiCjPVnkOCVfzHyjY6BrZnAPQdYusqjP2SUpjmCAFACwbgNo8uGrFBuP1R0dOoze5PWV7kh9NeXDzPCC+9GRAS1kgqb8R1iuYbRzFhSl+wVqvyBZPm3xMG4U6EKzn7xboLD5xjC9e56MoxS2BcZSFzEIIcMSRBlD4wESUs2r2CG1eFUmomLrFZEApygZj91j7yXh5iFYmRLKQw3UeJipOt3waSulFck0js6VnMua6eADPvq9h7+kMFTpclARLAAG3zJ3PMwkOLK7tBdnSHTCVFcpc1OYsgh289+MXHOoR041T7shYZz3m9kG4viq1qCE2zFsx26RYZpCAlIsEpH1hdX0gmIGxBFxqC4YwR2hXllzVjZKvVi0TpklffYG4y0xSoqE+Sup7xllAzM433I5DaDuz2DhK86r5RE2EycslD+0Q56m8MsPnoVLdJ0cqezbv0iMcpOWnsdGXI1FpElROKQFjfWCaOqROFj4hr15wnwOp+00+fZSllP8AZmJRrxSx84UKMxNQO6OXR93SDcEc9HjaMpY8jUuDJYlNNd0XFHgsdPgfpCrtTgpnywtH9RBcD8Y3HVtIZU1amaPzDURtIqgFd2rf2T/6n5R0xlF0r27GCc4Stcop6JbKQONodVs2bTyhMlHT2km4IjbtDRFu+QLpLqHTcQbMSJ0ogaKS4+UcscFSd8rg6Z5lJRl27iuf2oRMRlmpZZDJ38RsA4uHPKC0yyEc2v1MVaip805CDqld/KLcs+NCfxH4JUr/ANYqKt2+RZoxhtHjkGkgJWkH7w9cv6GI6KV/Pm2DZgSeJKEAfOBO18lWWQUkpUmZncf2KDe+GmDklHeKDKUxPkAkfCK8tWo2S3UNfvsb4viQlylOHB8I6/pr5RHgeMggJUXGx4QlxYd/PEt/AlyQNybD984GXhKpM3MhZIIsk8uETOTUri91/KHHFDRUuXudBlIA8SDrtsfoYErwhK+9DJWGzbZhz/M0IcLxzKcpPVJhpjKBUSUlCmUFAEDcG2g3DxosqyQcVs+a/wCUcrg4S34GlShE+UpFiFpI/wBQa8cmxvCFSFllAAKIIKiVXGYG7vZ99nh3SVAlTZiUzD4ZqkjxWAZJYeShvB+Jolz5iJpUAtO9iJiEeJlA/eGx4E+RLqKlplyv1OTLFS2iz3ZuplpCCGUpL2N1JYtmbZvmIt4q5ixYluLRSfsSROC0gEXS7soKPDiz/ERecNkuhJUCkpDM5YtZ256x2eF5HrcVw9znBiFWBUTyF/fE0ijUbs39xc87CGiJaRoBGVLEe5QrAv8AD1fi/wDyI9Bf2oR6CkFsMmTOEQ99AZnnT9+XGMd+8FhQWqeGcxSO01WQtYyhyCAXABSbZiGuQCRr5ExZ5l7jXX9YW1koGygCOYBOt3J9oNsY87xLDPLBKKunY0ipYbQywSpAAXMudDolmBawIc8yfRtRV5kpAWkhAskPezD2Q9j5aQGuezyihlpGYKDhxvlI1ccNhCWqq1lajYeGzm4uPCCbm1/KPnlGevdlRengsOIrUsZ6c21KCD5nWxb1gE1c0BMrKVLOw3c2+PugfsnXHKpK1eIKLk8dR7iIueDS0hBmrAcEhKtwgAD6iKWJSnpZ6sctQTqxXSSxIlufaPxhZUI71ClKuHAHrc9IbTpKanOoqKUjwpCWBfjvYRU8TpKqkCRKSZ0lwCUi6U5g+ZOrcw/lDWFzrT9P3LhNbtvcueHyJX+YgKJAy5rizvbj9IE7S03eSyZYAUkWDMByttBisOVNTLZeVkOVC+U7W4u0AV8ybKLrDp3UnQ9R93oYqVqNVsRB+u09wXsrjffJ7tbCaiygSxIBYKA358+ohlicxRSpBAUFWfTXiI5r2ow1SpqZkhwskZSkkFzYMRpF6wqnUO7RMmGYpCfEsl8xAufUwZ60xlF89jaUEpX9QiayQW2FvS0VnH0FMsSh7U45ektvGfS3VQiyT7nKNz7hCypQFVGc6S0gD4n5ekc2GST1PtwaR3GmBS+7lZNG0HUCPfZwgKWfaMZwuQo5pi7BVwOCW1PCJxK75XCWnfj0jaVtL37GblUn+oDg1KSszHISLf3H6D6w1rFJZjqdB8DyiLFcQTTozcmSgbn5CKJh/aCYalXeKcKvyTpYcBFLG9D09ioxllersdEoanOk5tRZQ48/OIsNp8hUgaA+Hkk3APS48oRVtZkKSF5SshIYs7wfg5KJhcvnG/HUH4wQz246vuZzxVFtfYFn0fd1hXoCm3XeCqabmq0B7CWtXQnKB7n9Yx2tm93KE0AnKoO24Jb4mBez6s09Sz+A/FLRe8ci9rK/Fj1P2ok7VqzKlJG5/SGMyaJcpvKAcVTmnyhwBMAdq6tkFINyAkf3L8I9H90NS9bf0IauMYkWDqCyqaNCX6gbwBiWOITMVMmLypQP9gBufrBU6YJMhhwAHQCKTj9GpUoqP3jp5GHixxnOpbIqTe7Q2oKhdQrv/YCrh9kjQHiW+MNuzmPzFSysHKp1AWLMCWPItBGCUCRRpmMGEtzfcB2jGGdz3SMqO7SpIdCbDNa3LVy0LK477d9vlyc3UZqjQk7SzpgUhHckE+MrYAKzFXCw0Ot9YOw5R7vwKUwbPmYpJHl4T66xPi5EtCMyQVZtJmpSCwUg7C7tDZFKFykGWoJDMbM4PTn8oU8sdMVXPc8zua0NaCe7JLjJqG1IKbnXXf1i+0yzlBUztezDyEVLCMFZOaecyzqRZwwA09kADSG1VXgMB5Aco9bw7ppY25vh/wA/8AaT67LCifialKyove/CIvsqpntm34Rv14wxpaQJj1QIAmb+KPQ0yR6CgsHSt7DUaHlG+d7/ALeF6JziCAs6778IQwnN6wLPHp8DGTODfv0gWZVjhbT9iBgaTpThQbazb/pFQlyp6DMC05gACg5QoEA5iFWszN1PRraiYTcekSTACCCHBsRyjy+p6DzMjnFrdAc7m1E5M4Il90oTVlTkhJCSoMQnUkJs35ecXCrqWQqUZgQEgFRJa5YARHP7PHMDKmoSpCgU5xmBYuUk/dfR+Zhfi/ZxZnBa7qBdmzIY/wDlbc6R5mXDKlKSrtZ0RytQr7AuOVsynlyl05CsvtXJStO4SfxPe8OcE7Ry56AfZJGkV5ct86Al0pHshglKEk+yzNqerxns3Lly0rSsoUu6kpNygWHvJ+EZxajjaXKDHm/qLia4y3yAKSdfLhw1gimrEzHY33SdfTeKHMxCfTuucZapalHKEk5gnW4Iv5PtD2gny6hIXLVfUX+Biqkt1wdMZQkGVWBIzZ5fhI+791+X4fhGuGpUlMxSwRcJD8g5I4i4vBMisUnwzPEPxbj6iM1hKwAk249d4yzRi1ceTeMpcS4FEitBmKYjwlj13gJeKy0LBmXSVOQA+ptbduEFSMA7lTq8QUXzaXJc5hxgxWHSCRlky83HKHHN4hYowk7ujfzI9gmlr5dSVIlKdCWzllC5D5XI1+ET4piUunRmVYOyEjVSmJAA8ifKNpaJdPKsAlAc23JN/MmK1iXc1ExMyYklSQQnxHwg6sAWc8Y0Thqt2YKOp/IJp8WlTlDvCATolTDyD6wyGDU67mUl+O/rCL/A6eYQ8oqILjxKseOsWHCMIRLFgR/3KI9CYIY036L/AJ8zTJNRWzoAxTshLnZGmLTkIUliLEaagvG8yhny7pZbabH0098D4jjEyTPEuygpQSnY3BPygmdjndpzzApKXAdnudNIJ7pRa/ISlPnkhxutzyzLWhQzEDQ65g1xaJsEDFatAEsT5v8AKCZGKS5n3kkn19Ijr6VExOUkpS7kJsCebaxCbtNha06aoWDFkTKksbAeHm2pELq5feTk8lFR8gw/8vdElV2UUJsubInB0EnIu2ZwQRmGlidoIVQLQ5Msu11ghQt00EaNJPVF3f8AcieSMVa7EVfhy5plgEFAPiD3Fnf1Yeca11GDKKcoUlLnYKTtbj0iJSu6nKXnIJSQUvY5mILcQBb+4wrrMcUteRIJzKCe8c2LuzaXbXlDhjnJquOTgn1LaaPUFQtEpUpOcjxA5tndrcBpEOFpUuWAFbDy8oloq8LUZUqTNmuD4ktcsdXsA+5POG3Zns9MlLKZiWBAYO7cSTpblHTPHPS3W7exzym5UmLMQoVEywlZmhQIUCClUpaVX8KtUFIcKFjF2wWUUBCct2sW1tz0gmiwOTLKlhOZRJIKjmYHZL7NaGgRHY/DfM0uTqmmStiBchat8vvtG9PRJTzPEwSgRuWj16CzMuXEyURCDziUksIYjDq4R6Pd5yjEIDnsvEKqSfEnNbQ2JbmIZUXa6Ss5VAy1/hULf6vrDSvoXLTCSk+wv8PItCmswJKjknBifZmp0PAE/KEUPErzXSXERTJQGt398Il4DU0wdCypPAO3oYnFStQuWPSFYDinASHB/SNFzDrZ/iDCKauenQuIAm4tMTqYVjotPegwVTVikWBtwNxFLkYwdXf4wyp8W46RIx9PkyVkqyZVKspQOo3tpA//AA9TLSsFTFYylSbKy8Lv7oBRiIO/76wRKqRxjl+Exa9encQBW9iUqKUpmqIAIEwhKlJDuQbBxwZoiw/+H82R/SrEs7gGUUtxFllxD+VUwQmrio9NBJr3HGTi7QLLw2oAZfdL5pUQfRQ+cATcOrZcwGShJSPazLT4uTbdYe/af28Y+1jiYzfQYtWrc2XUzW2xBPkzlhDSim7qGZBa2xe4v7oyummhvAo+h+cSfbfzRsKz80KfQY5ctiXUSXYQVkiomG8lYSNA3vsdY1Th8wayFn/tixiqP4hGRUq4j1iF4ZjXDZp8XLihEpCkC1LNUeUv5xU+0szEprCRRz0h9cpGh+cdK+0K4j1jxnq5esa4+gxxd8i+Kfsco/wnEVLkLNLNTkmoWq2oSXO/B4ufaSQqdIXLlyphUWKRkULgg6mzxY+/VxHrGe9VxHrBPooyqnVB8VK7o5krBK8KQRSTCAz3SNm3UOMMJ+FYn4e6lKAu7zJQGzWKusXszj+IRoZp/F7oPgcdpjfWzZVsNwrEC/2hMpKWtlWConmBaFeIUqlBaHuksH4g3D7mL2Zg3UYWz8MlrJJdjdg2vHSOfP4ek9WJbnPPJKfIjHZ5FSJfezvEhLEIIch7OW209Yb0fZOmQkJCSW4k6+f7vBtFSplvlOvTaDAY6un6dRxpSW5BrIpkSwyEJSOQiUmNpbakiN5kpJ+9HZGIjQLTpmEbgj9YGVJSNDEiARoPlFiCkiPZk6Bn/frA+3jLDkbRUO0H8RKWndMs9/NH3UGwPNWiel4ALqm11EM3+8UjtZ/EOVJBlUpE6cLBvZR/coa9B7oomKdq62sBC1CXLOqEOHHAqNz7oXUNAE3aJcqLULJV9vMUc/zyL6BCGHIW0j0SGSnhHoWsfln0MaEEMzpOqTt0gdNCUuhYzyjo+qeR+RjTCMYTMDPeHUuZDW5DAJcooGVXjl7K3TyVxHOAq/AQfFLD/H9YsIjOZodCs55jyZkhAPdkA/e1A68DFTqqlCRmmb6Dcxcu2+J1AJCJeROneAOVDr93paOarWcx8d9wou/U7ecQ1uVexHUzVK/mSUlQGoTcgbuBcddInl4na+hFusZpqdCle13UwezwJ8rjqH6RLUrSVZatJf7s5Fzbc7TB6K5iHQaqFtRiMwXSoc32iSn7SrTq8HVeCqCQU5VoV7K06K5cQeIN4VTcHI4wByO6btXzhlI7TA7iKWvC1XtEEyiUNoKQHTJePJ4iJP8AFkE6+ccsyHioecZQuYNFK+MFAdU+2jjHvto4xzT/ABCaLO7cYklY3M0MKgOj/becSprecc7/AMbmcrR5HaCZwgoDpKaznG/2l945uMdmcIJk9plDUGGB0NM0cYkTM5xRpXahG7iJkdp5ZLCYPMtCoLLqVDjGmdoqA7Sy3vNSOFxdtWOhiSb2okpDqmpHmIdBZbAYkSYqdD2iTN/pOrmxA9TaHlPVKIuAPf8ACFQDCbOSgZlEAc4HRUKm/wBM5Ru4LkcuERIkJL94rM976AjgNhAeIdpKamfPMSPyi56AC8NIB4mmAsSeESpShIcBvOOf1X8SUkEU8lZOylskA/GKrVYvWVCv5s9WXdKPCOlrkdTDtIFFs7BW9pKaSD3k5CW2JF/KEGI/xHpZbCWFzSdki3H2iwigIwpNvDff5wSih5N8onWWsZnHe0FVWApWRLlqNkJd2B+8rd+GkJ5WGpToIcS5Je4/2jCkXibL0oCEtmEFITHhKeJu7yg+74/KBjQERHon7qMQxF2wZBlzUkLyoOhuQD+Fo6JR1QI5jURymjxPKe7WWJ0Js7bp3hzQY0pJym5axv4hzL66xUWZyidKTUDjEhXFOpsVKjwGtz66XEWGjrAofOKszaC56AQxAIOxin472KlTXVKZC+Bukn4p/dotwW+xjSYmADiWLYfMpyZc6WU8H0PNC/l7oFRUEpynxp4HUfXqL/CO3VlJLnIKJqAtJ1BHw4HnHMO1XY5dO8yQ8yVqRqpHVvaHMefGABBS1qpL5Tmlq9pJ0PB+BGxH6Q7w1PfXHsNdR1Qw0PH5xWErCuv71EO8Eq0yUKSbiYfFyTprCY0MJVTLBCUezpmIclvlEtZh6VJcgA/iHucDaMzMLUEhUoBaGsRch9enSDqHOl86SNj0ufmIlodlQmSBoRA0ymHSH2JJBmKISweACiEAqVK4h4jNKk6G8OBLEDz5bGwvBYAP2bLqI1XJBg4TH1jCkQWMCTJPGMppoMCI8lHrBYAszDgWANzEowJKZZOUBWlwSJl/vDlBgOQAiyhq9t/374jndo5OVlLdSbAJD28opCYvT2fEw+M2d256OeJYAeUNabApEsWQmEdX2mV/lS25q+ghVPxCev2phA4C3wg3EkXteMSZIZSgBwcfCAKntukAiWFKPRhyuYpYkDfXd4JQluu31goqhhX43VTixmFCWulJb36wJKpUjmTqTrG8pPGJU6wFJEkqXa0N8GowpQSdNVdBC2WNIeYBMdSg91Bh1sflEMtDgKBJCQEpFhb3DnA1VIs4uHu/7tGyackdCXHXeNpq7FDuogeu590TQ7FxQGtvGhlhrv8Av9Y2WWfgPjHs7AwDBii0ZUNBwjYAWiUN9PLeCwJUUpYfWPRnIIxE7j2Kj2pQvvCokvxiPDO1MxDJmutI0P3k8+cWbtHQBQudLiKDPlXaN4O1RllTTtHUMI7QBbEKBOxDBxu3P8sW/C8eKr5mtcE6dABpvHAqOtMs29ndOx/XnF8wXFFKCSCWVoTrbY8esN7EcnYaXEgpiDfVt4YSZ4UI5tR4mpBB1HB9+UXLDagqDw7JaHCi0RTLxGZ8QzZ7kDfV4YiCqwWQt80pBJ/KHPnCivwZCGySEFHJIcfXrD2VXBSiGNi3n9IJUmEMpUrC1A5pEwyz6g8jyj1TWzZQ/wCYkFSf+pJD+ZQPoIuJpkm7eceFFCoDllbjdIT4Z1+CkqSR1DQrnYxI2W/RKvpHXqjBZK/blpPUAwBN7JUzWko/0iCgOUqxeX+FXVoiXjCPwq9B9Y6p/wAE0qrmWn0jdXYqjQH+zyz1SD8YKCzkZxdOyFegjReMjaWqOrzexVGov3CAdGCQBvsIFq+w9IxaUA3BSh00MFBZzAYsSbIPr+kM5ktaQVA+IXB2F7ONCCPfHsbwMSVfy1qynQElxvCruD+I+phACVkuYt+8WTy0HoIBlUzaQ1MiIjRjZxDCyBMp/wB7cYgJvbQROuQtOi40mApA0PHzvbygoetGUIa58oynV4h75zeJM0FDuyfPEkpULV1DGCUKeCh2HpXBFLOyKce1sPrAJmZRzjNKreJKLVLxtwy0OfxAsfONDiVmSkJB14nqYRhcZEyFRVjZEy1+sRk21iAKtG5UzPfhE0UTafSN5ermBHvfaC5Wrfu8IDYzDHokzDh749CCj//Z'),(19,'Sinuca',2,4,0,-3,0,NULL,1,'data:image/jpeg;base64,/9j/4AAQSkZJRgABAQAAAQABAAD/2wCEAAkGBxISEhUSEhMVFRUVFhUVFhIWFRUVFRUVFRUWFhYVFRYYHSggGBolGxUVITEhJSkrLi4uFx8zODMtNygtLisBCgoKDg0OGxAQGy0lICYtLS8tLS0tLS0tLS0tLS0tLS0tLS0tLS0tLS8tLS0tLS0tLS0tLS0tLS0tLS0tLS0tLf/AABEIALcBEwMBIgACEQEDEQH/xAAcAAAABwEBAAAAAAAAAAAAAAAAAQIDBAUGBwj/xAA+EAABAwIEBAUBBwMDAQkAAAABAAIDBBEFEiExBkFRYRMicYGRMgdCUqGxwdEUguEjkvByFRckM0NTorLx/8QAGgEAAgMBAQAAAAAAAAAAAAAAAQIAAwQFBv/EACoRAAICAQQBBAEDBQAAAAAAAAABAhEDBBIhMRMFIkFRkRQyYRVCgaHR/9oADAMBAAIRAxEAPwDt4elKIH2T7HoJhHEEEEQARXRoioQARogjUIJeoEsjgVYpsRC91XOLl0PCSXYICSBdRMRpMwuN1PQKZx4oW+bOdYxQuBzs0eNxycP5UfNnZfYjfqFvcRw8SDoVkKumMbiHjTk5UTXwyyMgYNilx4cnoD1Umvjc3UDM1ZipdldoRr8H+Cp1JjEkYsRmHQ7pYtrgXJhjkIOJ4dBMS4DK7toVXUc74LhjiP8AnNaJ1dSy6u8jvhQ58Ohdq2UfIVm5PsxPSTTuJAqeI5y2xcPVXn2eVRd4oJ5g69x/hZqooom/VKPkK04Yq4Lvjid5jufZSEYJ+1DyWaK3zfCL/HOIcpLIRc7F3L/Kx+IVk7tXykdr2/RX1RTlzssYsObz+yOTBomtu7U9XaoZcsI8JWxMGkz5vfklS+EimwmrkB8sx9Cbj810DhfE3OJY8WO9xsViKaCIusAPVa7BoPDN2m4I0VMJt80bf0zxtVK0bBBMUU2dgPz6jRPranasRgQQQRIBEUZSbJZBEFKagWIg2yqUWmEKYaKPkCkvZdRrckmWHN0FEZ8IugnHR680FgeF/QSYYAlNisktqAeaca8FdZSi+mK00HZGggnFAiIQKLMg2iBo0nMlKJkAgggiQCTn1SlHlNilk6GirKXiHHf6aRlxdjhr213UkSQ1TNCDcLI/aFU30H3Rf5WNw3HJIXZ4nerTsf4Q2Nxsr8lSaZqeJ8EkiBcwFwHIbrN0uLNPlJsdrdP4W/wLiuCrbkf5X82lZ/jHggPPiw6Hc25qmvsuUjNTWzHW4Kp6oEE2uPQlMVFNURusdbex+Co1RVG2oI9j+yfY/gbcNPlJP/P3T9BWuie17Ta2/pzVd4hJ0Hz/AJS8n4j7KbWB00d2ic0xMI5gFU2M1HIlScBd/wCEY48mC3ws9XwB8hubnnr+iolGuS6Er4Rc4PS31Gq0cAy9lzSpoqin/wBWCR+UalgN9PRdSw6pbW0jJmWz5RmA/ENwmglJNLsSbafJa4U62ZvuPfdWKzmGVFpGi+4IWjVuGVqiqa5AiujScqtdiBoIAI1KIBBBBEgFXYgHN8zRfqFYonNuLJJx3KgplU2RxF7I1IdobIKjxr7G3FWyRLFWQouZNuK5McjR0nBMuYK/qVObMOqzAJTjKhwWrHq5Lsonp0+jRmUdVGmqAqcTu6qTSsLirf1EsnCQnhUeWWVKL6lS01E2wTq3Y41GjNJ2wJN0pFZOKGo8zdypCan+k+iWSsKdHJOJ60SyyN5bfC5+Jyx5Y489CtdxPTOjmc4fSSVkMboy7ztK00nFUZFJqbUiQKlzCHAkEbOHJb/hbju9o6g6HQP/AJXJ6SuLfK9TQRuNjyVbgpFie3o7FxLw3HVM8SF1nWuCLWK5FjNHUQuLZLDvYi/5q54Y41fSPyyEuiPqcv8AIXQq6jpcShuC05ho4WKopxL1Kzh5f1d8JPj9B7laif7PKkzOjjyWAuMxtcdtNU+fsyrBa7ox1IJNh8J1T5A5m34Yr2uoGEa2aG+4Flj8RqfDecu/NaFzI6KBsDTsPck7k+6xtVd7ie6x5nbNmFUjZ4FiBljuLZmizmnmjw6ukoZ80bgIZdTG7ZpN72VHgjXQPa7qbH3U3jesih8OSVpdGbggC/m31SY23JIbIkotmqw3GWvkDmkfVy7ldBjdcArzrQcbUsWjInD2H8rZ4Z9stOGhr4n6cxZa4x2tmNu0dZQWDovtWoJDYl7P+oC36rT4dxHSztzRzMI9bH4KtEstUEyyqYdntPuEoTt/EPkKBHEEkPHUfKO6hA0EEFCBFoQQughwQyTXXToaorSnDNZecR2WPFqTooctWo5qXHYE+gJTJ30K+Oy1YdbK+o6aw1VDgMDzJd7HADqCNVql1NHipbmYdRO3SCARoXSHStG5A91uMwtBQpsWgb9UjB/cFCl4opm/fv6AlFRb6QHJL5LpRq++R1t7Khm43pm/iPsB+pVXVfaJGPpZ/ud/AT+Gb+BfLBfJU4tRSvDg6Mga6kLF1dGW3aVqcV48Mgto0dhr8lZapxqAm5Fz3KsxYJQ7ZVknGfFGZqMHLifNYJyDCyz75PoCr7DsVjmmjhbkbncBfoNyfgKXx7jTIQKamaBb6pLeYn1RnBL5GxtydUZ40Jd9wnurfA6uem0YGht72J1vzWTp8UmjcA8uIPI6aJ/H6gsDJI3Esfpru1w3Crj45cOx5qa6o7HheNw1TQ15yyDobEHq0pmd81PI50r3Pjy+Xn8rhUWMStcHNcQRsQu0cLY7K6FrK9gYSBuRctOxI5KnNDZymNjTl8GdxCuFRIHtO4Nx0I0TVPh/nGY9x7LQ49wmATNT89SBsf49Vjv6iRr/ADXBbpY8lz5JnQxyTNRStz2Ydy51vi/7Jnj2HPQvvuwBw/tVVh9e99TGb7H9leY5G+WGaNvm8hsOdiNkseJIaSuLOLtcnBIo+o0OhGhHQjcI8y6RzyWyZdE4VooYYvFrHOu7VsTQS63e2v6LnGGyhs0bnC7Q5pI6gG9l1I11PI1zo5A0m1w7dotsEspSgt0SuTTltY/R8T0T3eG0TQ5jbMTp76myLHHGmeGyudZwux+Y2cP5WRxRnjzf6DNjq8aAlTONpJzTRGTaOwvfXXRPh1HuSlXIjg+S5hxdo+mZw/uKs6LiqaMgtqL25OuR+q43/Uu6lKFa/wDEflbmofQqUvs75H9olRzELv8Ac39ypMf2iTc4mH0f/hefG4nIPvFOsxuUfeKr24vob3/Z6D/7w3/+x/8AMILgI4jl6oKePD/IN2Q9QmmpWfXUN9C9g/JJdW0LfvZvQPd+gXFpeLLaZwPQAfooU3FYO73H3Sx9OwR+vwR6vNI7i7iCiZsy/wDa0f8A2KYl45p2/Sz5IH6XXB5uJh3PuosnEbjsrVgwxF35ZHcqn7RAPpa38z/Cq6n7QZTsbegaP1uuLyY3IeaYfiTzu4qXiXUQ7ZvuR1Wt42lO73f7yPyFlfYTTkwipqibPF44QbFzTs57jqAd7dFw6ilL5Y2uOjnsB9C4A/ku3YxiLXtaWm1gBl9BbTsuZ6n6i9Pj240lJ9GvSaNZZXLlDFTizCbCCIDpYk/N1RcQUMgjdUQZi1ur47klo6tPMdk4+YdNeqtcLrsrS38Wh6WXnsPq2qxTUpTbXyjrZNDgnHaopM5ZLxG87KDLjUh5qNi8OSeVjdmyPA9L6BQTdeuWZySa+ThPGouiVLXvO7ior5ieaLKUXh90G2w1Q5SVTo3h4Ni03BVtiGMmaznfWN3dVT5AmjcbJWPF0WdRWF5BJJPdSMQrzJCGHcOuLeiqYYnO5K1hpTZHHC3YZS4oroGODmuA1BDh6g3WxxHGDUnPsTa7TyPbsqyKj7K74cwkOmBf9DLvd0s0XF/eyszYIzjcvgmHM8bpfJccJ8avgd4U7bxHQE7j17LXY7gUVVH4kRuSLtc0XI7EDdvb4XKMSu6UuGt3af4WiwOuqKdto5CCb35jUWOiwYsEsv7ei3NNY+fkj0tK+lqGmUW1BBBu1zTzaRuE/WYg6nqnOG19uTmnWyn8I8Iy1Ac+eTLE12pFyS61yGX5nS/TRaSppIIjdsTCQAA57WvNhtq66z5cfjlyWQ1CcVxyYHFuGYKm9VB943fHza7mVTHhpvRdXoWQyG3hsie7TxI2huvLOweVw/PuqiroB4z4JQI526i30SDcOb6hbNNqcdVP8/8ATPlxSk7h+Dnh4fA1AUePDz4oEmjN79ey21RhzgLjzN/ENR/hU1ZhLnHUm3RdCeOE4XH/AEYqlv8Ach5mKRxjKywA6Ki4kxgzgRi+UG57lWDMBClx4KOiy4tJGL3Ps0zyuqRgjCkiHuugOwFh5BR5eGm8ls8JR5KMIYikmMrYy8M9FGk4bcNkrwSD5UZXKUFojw+9BDwyJ5olJ4h6oZ0kQlOCnPVDkbgTnQzJ5tMliAJXGQU0RwUsA9FIDRyTjWOOzSoohsjMDgQRuCCPUahbik4hD2i5sbajusqyilP3bIzhk3Wyy6zQR1EVa5XRdp9T4nwa/wD7RHVOHG2xtLidht1PRZFtLONM2yfEDvva+qwQ9Fi2t74Nb9Qf9qKuUue5zju4lx9SbohSuPIrR08I/CFOiph0Xfjp41wcmWZpmSbhrzyT7MHPNa1tMOicFP2Vi08Srzsy8eCBS48HaOSv206uOHuHX1TyAQxjbF8h1DQeQHNx6KPHCCtkWSUnSMizCx0TzKALomIYXSRtLI476W8R7iXnuOTfYLmNLxCY3ujljbK1r3NzXLX2BI+oG3yFkhq8Um1FdGpYcjXZPbTBXH9MW0vkIDpHG998rdgP1Tk+HB0LaiEl0LzbW2Zjvwutp7/pzgvoy6wzOA7GyszY3mx1jYmLJ48lzRV4fT+YudyuB68yrYOCbGEDqfkpJwwjYq3DjWKCiV5cjySs6phwa2kiY3SzAT3LvMT+ao6kF7w1ozEmwb1P7JGHYmDTsBPmYAw+2gPxZR6XFWRzXebBzXMDuTS4Wv8AqL91x8+NynTNeHnhFHxhWmlcGRyf6lruLfpbfYAnU+uizDuOK7NmdMXW5OaxwsOVi1TOOoiJS/MHB2xuDcDQHTsFnHSReFlDCXnUvudN9AOeiq27eEdVRioLizqtNhnixOfE4Nly5pIWXEcnMuY0k5TvoNOgCq8l1QcMcX+Ay8jMzmgNY8WuQNg6+ug5q/o5RI0PGzrkDtc2/Ky3+nTlzCS/k5esxte//AfgqVLTmCITva05j5GOv5ueYgEae6ZqHBjS47AXUfGMVNZG57RZrH2AJH020sPQFWa7NKC2x7Zo9K0scs9+RXFMrK3iypB8r2sH4WRxtb8BqsuGsbZVvENQGte7RkzGhvm5B7RYEHra6ysMsYcTI3OOTbkXPchRaObJK1wvYOB72BvuuVjzZIu02d/UaXBNOGxfg6FV0Zje5jwMzTbse47KOYAjpcWbUlxF/KALnew8ov30/NSLL0OnyeXGpnjtVheDK8bIppggpJQV1GY5fHQPP3VJZhTytOymCdbCmWFAeczkWCX3JUqLBGdFpqXDJJNWRvd3DTb5Tk2FTM+qN49R/CKhBOgOc2UEeFtHIfCkMoWjkrERnojDE+1FbmyGKcdEP6cdFOypWRRxQVNlYaQJP9GOitCxAM5qvxosWRkBlKOieZEpJZbkjyI1QHKxkMSsidDUNPVEUYXRsGgEVEwN0Lhnf1Lni+voLD2XPy3/AJ7LYxV/+iwg28gB9QLFc71FtY19GnTJbmVWNVQa1znGwAJJXHMTDA+7HF19XE2HmJubW5LV/aHjYNoGnW+Z/wCzf3WIkc4AXaQOpBH6rmafC4q/s6VnQOFce8KkdEXAh5tk5jzNu4+17d7Kzk8pI6Ej4WB4cBlnjZyzAn/pbqf0t7rdTEuc49ST0XT0cfdJGTWOkvsV4o6oGoCZLU25gK30jBukOmvA2VPVVjyXaaWuD6f4urGzQi8RgGqpy4YzXRfgzSxTUjGV9YT/AAqwzK9xzDG6uiP9h/YrOCB5cG2Optfl8rlz08oPlHZ/V45q4seY8uIaOa6nhcOSJjDu1oB7Hms3w3gDIyJHuD38gPpb313K0v8AUNBsTbstmmxbPczBqc+/2rodr4c8b2Dm0gHvbRc5iq3Nu03BBsR6LoZrGc3LNcSYdDKTIx4Y/nf6XW622PdDV4PIrXaNHpuuWnk4y6ZnZahO4W0SSta46E3PoBcj8lTyyOBtY+wK0PDeCGQtkfIGAa5QfOfXoubDBKTpHXzeoQptM2uFSF7A61mk+RtrWZpYH4v2uppKbjygBo2Ccuu3hxrHBRR5bLNzk5MXr3/JEmr9/wA/8I1aVEBrOq22AcORxsE9QLuOrYzsOmYcys1gUYfPGHbBwJ9ls+Iqu2gOlll9R1MscdsRtJiUvcysx3G5C0tiPhi2mUC65lJxhWskLXTF2U8wD+y2Uz8x3XPMdps1SWsNy6y4GLNNt2zuYVFcNG7wqoNa3MP/ADB9QA3SHMtvoe6XwVQPprvzB1xqEusqM7nPtbzG4XZ9P1jnLxvn6Ofr9PCvJAYtqiugHdERK69HJsUUEklDMO6FBsUSiB7oi73SS8KUNuHER1TRl00TZlKG0G8lFoUTFZajwiIJMp/DYa9bE7FNvqCmHSE9UssSkqkNHM4u0Y/C5xHM4zDz2OXPp577knn3UuXFyWuZKc4I2NsxJbbKwN7635KbitD4p82vbooVHg4jcHNGvVc3LpPcdCGo3K2iy4Rwt0TTI8Wc4WsdwO60ReqOKVw3Ups55la8ajBUijJum7ZNkk0//EybomPSwT/wq2yrayO5iZfESpoNt0LBSwbStfT33Hqm/wChaNgrUxoCFBq+xk66IdM0hTBdOMZqnhGhSQbb7K6WIqvqxIRkv5b7WF/m11fuYmHw3SSgmh4OmUDMPafqCsKSDLsVK8HsnGRqtYixzH4JCE/nB6+iYa1OtaFcolEmLDh3+SjS2gdD8ok1CcltG2MOuPKfhNVsMj9Q+/qt7U4TE/doVVUcLt3Y4hYpvDm/eXxU8f7Tn9RHK29xf0WRw+ciqLntIve1xZdZqsFnZ0cFU1NC3/1Ird7Kn+n42nskXw1ko/uRnKKSQS3Nw29730sp9PMCxzhs55IT1ThMbxlDiOwNkuPCsjA1p0AT6XRyxZVKQubURlicY9sj/CTqE66meNwmLkaFdlM5TQ4Ck3skF6TpzUogu/dJN7Ie6IqBoFvdNuGqcsicAhY20Q2NDIEoIW7IDdDTok2IVIsjskcRlMiuhRZOykliLw0jii1TGWhONKABQAPNBRDuFt1SrdkmyUCmoVsPKEtre6QlBEAu3ylA9QUgFLuhRLBYdUVtEdwgRfZSiWNmNHZK1HNAE9ApRLDa1Ka1IRg91KJYuw6oIsyCgDr+ZGFGzpQkXIo22PEJiWla7cJQkSs6JCoqsBjdyVXUcOOH0OK1d0kqyOWa+RHjizCTYdOzlmUN7eT2Eey6G5oPJRpqFjtwFfHU/aK3i+jnz6SN2yjS4b0K21Tw8w7C3oqufAnt+kq+OoT+SqWL+DKOpXjkkOuOq0MkEjfqbdMHKdCLK7yWV7CjzonOVq+gYdlGkww8imUkDayHdKCU+leOSac0ogFuRXSMyMaqBFD1RFEiuhQbDQRWSUKDY4jukElEHKUGx26O6ba5KcVKJY4DZGE0Ed1KJY64lGm7o7qUCxRKPMkhyS5ylEsX4lkYcmgUeZSiWOWCCb8RBSmSzq4ejzppBcc2j2dDxEwXJJeiSyV4yPxVCzoeIpQLJviI86hCRKEqlEsl3SSmRKlB6lBsTLC08lX1OFsdyVndIcmUmugNJmZqcFtsq6SmkZ3WwkKg1DQVdHM/krcEZcy9QgWsKtKmmBVZPTW2V0cqE2DEmHtOyYfh1tk6cwRipIVqn/IjgV0lK4ckyWkbhXjagHcIFrCnUxdpR5kQVxJRNKjPw/ojuQKZBug1OyUrgmi08wmIGhdILkM6lEsXdLamkpqhBRR3Td0NVKAOhxQLk3nKBepQbFhBIJQUILugkI1CHW5KcjZMOJCCC4qNzE5kRKCCIBJTZKCCYUGZGHIkEQCw9LD0EFAivERGRBBQI09yjSIIKAGjGFX1bAEaCF8kKyVMOaggmbGQQjTghQQTRnIEooWID1R5XBBBXxm2VOKCJ6hJMbSggrUINPomlRJMO6IIJlJgaQw+lITBBCCCsTsRhJQQQTMACULIkEAhlEUEFABXQQQRIf/Z'),(20,'ENERGETICO RED BULL ENERGY DRINK 250M',12,1,0,-8,0,'9002443022135',24,'data:image/jpeg;base64,/9j/4AAQSkZJRgABAQAAAQABAAD/2wCEAAkGBxITEhMSEhIWFhUXFhcaFxcSGBIdFhoYFRYXGBcXGBgaHyggGholHBYVITEhJSktLi4uFyAzODMsOigtLisBCgoKDg0OGxAQGi0fHyYtMC4tLysrNy8tLS0wMC8rLzctLS0tNS0tLTUtKy0tNzA1MC0wLS0tLS0tKzUuLS0tLf/AABEIAOEA4QMBIgACEQEDEQH/xAAcAAEAAgMBAQEAAAAAAAAAAAAABgcDBAUCCAH/xABHEAABAwIDAgsCCQsEAwEAAAABAAIRAyEEEjEFQQYHEyJRYXGBkaHwMrEjM0JScoKywdEIFCU0NWJzdLPh8UOSosIVJIMX/8QAGQEBAAMBAQAAAAAAAAAAAAAAAAEDBAIF/8QAMhEBAAICAAQCBwcFAQAAAAAAAAECAxEEEiExQZEyM1FxgaGxBRNSYdHh8BQ0QmJyI//aAAwDAQACEQMRAD8AvFERAREQEREBERAREQEKL8KDVfj2ierebBeRtAfNI7ZHvC16tLK4bwC2QdbGW+8j6q6ByuHSDqoCjXDtNVlXMw7odbSY+6Z7m+C6QUj9REQEREBERAREQEREBERAREQEREBERAREQEREBYsTiGMaXPcGtGpcYCyqK8NKJeKbC7KLljjpm3tcN9rgi4vYoM+I4X0QYYHP64ged/JeaPCcvNmN8T/ZR/ZHBYuvVrNB+bTPO6Ll3uyqV4TYVFjbMk9ZM/goGKrj3Oc1sATIkTr8meqY8SuXtPa1VryLCw3Do1PepIMHTHyQOuy0nPbJILTlMP35Y3mLjXwhBo7A2qagfTMZ2wRbdpp1GPELWPC2o0kODCQYPaNd/TKkGUQDIgkeyL6KKv4S7IfiX4WpXpis14BD7NLiAYD/AGS4EkROtkHQbwxIu6mCP3SR7wVv4XhVQcYcXMP7wt4jTvWF/BugRAYG21afv/FR7aOzaVK4rtItZxzOEAi2XdEajoRKw2PBAIIIOhGi9KL8CcUajX5Q4UWQ1pcPbcbuI6GiGgAWubndKFKBERAREQEREBERAREQEREBERAREQEREBUpx/bcy1MLh2zLBypiQZeXMZB3QG1O3N1K61QfHgB/5FoIBnC0rG/+pX3R5q3DXmv0EY2Rw2xVLKG1swdo2qA4deYTIHadFNNl8ZvN5xp5gNGuc2ejp6NVWdHBMJ5wcRGjXRpoAYOW8HRSHB8CaZY14quDmkGDoCOdE2O+bLZOGf8AKsfRzeyaDjaEkcm7uqNM9FiF5/8A1SjM8kZ6YoTffMqrMXsh7XP5zHOLpLzOaZJNzvM3jctJ2yKkxDbSN47oVc4Y/B80xMLgPGpSLXM5FxaQRlIoQRvtOkSuS7jFo0x8FgqLOscg2P8Aaw+gq7/MKpDQchAcXEEukkxIJiIIEdOqDZrwZlovIgE3B/x4KYwx+D5p2vPZe16eJw9KtWxGV1RpfybHghgzOgSRJsBrGq/H1cN/ptzmJl5LojfB03aDevfBTgwW4TDONQtcaQJDWt+WCYJOph0aDQQuszYzGCAenoGoAOnTaexY7RWJkjbo8B8ZnZUbEQQ4fWEHzb5qTKO8GWQ+oP3W+9ykS5BERAREQEREBERAREQEREBERAREQEREBULx3/tFn8rS86ldX0qG48P2iz+Wpf1K60cN6xMd0ZwDaBDM+djiPaLSWuhxlwjXVrTpp42DgcAHUWy6bSJIAg5TlcYMCWi4vbcq62ZjXCGljHgaB7b2sLzaB22CsrCkOog+xDbEOI1aQJvciZAM7t8Fa8kXjz96vJrmQ/hHhC15dzSCRp2CQejo8DaRPALNbAAnSJiM0AHvv9Fd3hA6nyhyAi5kEgxzjYdUnRcYwTY33xG6Px961Y98sbU71LF3Hv8AxHevLMOajm0xq9zWDQe0QwadvqVmLIEwYBjfrE5e2ATHUV2OA2ENXaGFbEhr8xmNKLHPbP1msU3tqsyspK8xRaxoY0QGtDQALQ0RHZAWDEBbb487de5a1cbvxXgytOD/AMbU+g33uXfXC2D8bU+i33uXdUQSIiKQREQEREBERAREQEREBERAREQEREBUNx3H9Is/lqP9Wur5VB8ds/8AkW6/q1KLEfLrb9/3LRwvrEx3Q/Z5vp2A6d/9lYuAeeRIymo0mIvLSIIAI3yQZMRAVdbP9obvX9lZOAcwUA5xLQW6GY9kkhw6AASvTy9oU39NEdtiKjgBABi2kQNPPyXOt6Hq34FdPbF3utvv1wSB5AX643Lmgk7o1vbptA7IVteyjxYHMFjB/AhsfeB3z1qecT+EzYqvVj4ukGg21qOH3U3eKgp3dJ3i3oaq2uKHC5cJVqx8ZVMfRptAH/IuWfip5cUrqd02qDcb9ULVrEad2/t8N3aFs1fL1qteuvGXPWwfjan0W+8713Vw9gj4Sp9Fvvcu4pgkREQEREBERAREQEREBERAREQEREBERAVD8eI/SFP+Wp/1KvruV8Kh+PH9oU/5Zn9Sqr+G9YmvdCtn6jt9FWVgGA0QCGnm6OiCYIAMj3dJlVns83Cs7Y+XkWy64AFy3V7uaO0kwB1xC9PL2U5PTRDbXtuJk3O8n10d65jdL+8n1quntxvwjoO/SB5rlucO/d5+6PMK6vZS85vVvR18lfHAfB8jgMMyIJph7rfKqk1DI+uqJwmGNR7KQuXuawDfzi1oX0hTYGhrYgAAb91gPCFh463SKr6Qxu+5YKq2CZ3d3rVa1Yj7vXrevMWMuwz8LU+i33uXbUZ4MY5lSrVNM5mhrOcPZMyZb0jr96kwUwm0TE6kRERAiIgIiICIiAiIgIiICIiAiIgIiICo3jnH6So/y7Pt1leSo3jmH6RoHf8Am7d9vbq7l3Tx90/Rp4P+4p/1H1QajByuFpJBG6Tv6tNVPsKzNh2G8CHDmk30FpB3k9ygNL5DQIEAyN8C/rrVgbIh2HAIm1iItLSJB3Hd3rXGeKUiLe3yjfRs4/gbXvOSmvCJ8N21udeH6+CIbVpBjssTl5o03aaLVAtM/wCJW3tJnPIk2Jv+K1dBqr78RG61rPjES44T7MtGO+TNXpyTaOvWPZOt7bnBvFto4mlXe3Myk/MWj2iQDlEkxZ0HuVn4XjKovexj6FSm1xADnZTE2BI+bbUSqkoUzEkQCWwY11/upzw4x9apWpfnGGfTw9Gq5gc1pl7c2oc6BdrAQNL71g43JM5Zj2NvB8Bw98GPmrubRbc82u3bUeM/ktJ4106vXTqorwuPw2z/AOOe/mea/NmcI6lbaZoNc04c0W1GANEnNTpuEnXVx9BRnBYupUfRNR7nkbRqtGYkwBSbAHQOoLLazLw3B3pfmt4V35xOk14tWj82oxF6FOY36i/cAFNAobxb/q1H+Xp+8qZLqnowwcT66/vn6iIi6UiIiAiIgIiICIiAiIgIiICIiAiIgKi+PBxbj6LhqMO3zfV81eiqjjd4K18VWZWw4D3spAGmS0OIzPMsJtOtjraOg24Nc8b7OqWmtomOkqnwtX2WlunuP+R5KxdjO+AAm8bjbqtv3KuH0KlKoWVWOpvEy17S13QYBA6detTDDvdyFIsJBJdJEZZDXAAzMiCDoRPZI3ZcFJiJ3rr+7Tfjc0xydJiI8tRrw/L6OTtRoL3AHeNYm89PYVpyA03HktnF4Sq453ABvz6kMzQB7LTznTfQEc7dumewOBeEdSZUqONcuEy1zm0x0hobDrac6/UFm4jLg4fU2vPfeojfVrx8Zlti3OKNzXk5usdO3u2jdDYlT80w1SlRe81KldxyMe6zHU6bJgfuv8VLtsV9pbRptw4wZosLgXOfmAtpmLgIAmYAmwUn2djqeDotpxloMEC5kakXJ50nvJI1W/szhBh8S0mjVaXR7J5tQG+rTfcvP/qKZ7Tes93WPi8mLDT/AMonk3q3Xpvr7vNEcfwXxdDEMrYFzLUWUyXkAjKwMcSHCCCGtPTO7p6Gy+CbadOg2o8l7Kr6r8mjqj2hpuRMADtPVou+zG5q9SjkI5NjXFxIuXkwGg3IsedpIheNpYylRbnrVGU2/OqODRbXXXVdxWJ7MuTjs81is6jpHWI6zGp1v4S2ODeGZTJZTGVrabWtAmwBIi6kKg3APhRSxmJxLaAJZTp0+e4EZs7nwQ03A5vygCVOV3qY6SxTMzO5EREQIiICIiAiIgIiICIiAiIgIiICIiAuJtD4+3zG+Rf/AGXbXEx3x/1G/aepgZa2CpVW5atNlRpi1RrXDzCinCDY+Hbmp4SmRWbHNpA5GhxBNjIaYvzYK62ztv5WUeXblc+kXyGuAkH2csm5HOFzIa4rss2hTLqjZINO7y5rg0c0O9sjKbEb7KLbmNRK+kWxX5prvXl3Unt3gzXo1M1Z7QHQQ575qlpMF5Z7Zy2nosulwRxXJYmpRe+c5OkZeU5pbEaOILwdxgRorXrMw9dge7k6jWmWuORzQRYkHQKOcNcbTwdJtcNzBzw0MBAEuBJcDcCA0nTeb3WXNgyXjlrG9/B6t/ticmL7vLXw1+iDcKK5r4ltNr3BlMxLZyZgC6oZaDLx7OloPSoyMLlczNUY3NmyEOvLQY09gm0Zo1HSuntvhtVrM5Okzkmn2i1zjUIFokAZRbdM9OoUVr1XvPOJcR09q1cL9nXikfeTFY9nefPssx/a9qUjHhp7I9/ffh3SHGcIMdSa0sxD2ty8mXm74L5bDjJDZj2b9MqKYzFPquzVXuqP+dUc5ztZ1M+vBegHHm7jum0iL9u7vXjkrOm0C9u77t3SvSx0rhry7h5+ats15yVrrfl7enw8Fo/k/vmpjB0MpfaqeVldCpfiAPwuN6eTo/aqq6Fiz+sl54iIqgREQEREBERAREQEREBERAREQEREBcPaB+H/APm33vXcXE2h+sfUb73pAxu2LRezJkAGgy2iKnKAgaA5jK9u2Uc2Je0smsLS0hwdybWAOeCczeaN0hbeHOnZfX36R1LdyqXcZLx03/P5CL19k1BTYHMFYMxDqjmkgmq0tME5obnaSIBt8GDabV1xjVHsbhqD2tZBrVSxoAyh7gKctBLQ61Q80xeFc9XWyoXjMxnKbRrXtTDKQ+o2TH1nu8Fo4XHFsnwdf1N4179ou13T0HzC8PqjMbSIAGbW0XPXqvLjaJO/uzEE/d2LE47+u4HWbgdG9elbHEysxcResaj27eS6PMjvAH4rE8uibxYTutoCdN5X6fXrst3rw92vXE9ep8LriawWyXmNbWv+T/8AG43+HR+1VV0Kl/yfh8LjfoUftVVdC8zP6yWeRERVIEREBERAREQEREBERAREQEREBERAXE2h+sfUb09L967a4W0/j/qN970G5hrRvst0CYK0sP6963lMjXrOi50Akm2i+ZNo4s1qtWrN6j3P7M7ifvX0Bw8xXJYDEvBgim4NMn2qnMbp1v8AJfOl+7z3f38V6HA16TZGurw7Xx8ZF/CfFeHH13XXpx/FeDEdhiItETMz2WhbZW1hjd+HqVjf6C9n12+pWNyqs6lbP5P3xmMv8ijb61RXQqY/J/HwmM+hR+1UVzry8/rJUiIiqBERAREQEREBERAREQEREBERAREQFwdpH/2D/Db9p9+1d5RzH1mnFOaDcUqZI3gOe8NPZIcPDpUwOjhzpp66V0Aufhit3PEW6EkV5x04vLg6dKb1KoJH7tNpcT3OLPJUsVYfHdiw7FUaGoZRLjprVeR7qYVck638Ov8AwvW4WvLjj8yHl3RP43BH3FYyb+fmsjj19PkfLXzWM7um/lJ90eCvlbDGQvDisp7d3iHAj1vWJyqsmVs/k/A8pjfo0ffUV0Knfyf8K8fndUjmOFNo63NL80dMSB3K4l5ef1kqRERVAiIgIiICIiAiIgIiICIiAiIgIiICpjjcxdbD7Ro4ii51M8gGh7dDD6hcwgghwu05Ta06hXOovwj2TSxFR1KuzOx1NvSIIc+7SLgidR0qzDeKX3MbEP4McaDXQzE0XB4BJfQa57IaBLnMHPb3ZtVP9ncIMLWvTxFN07i6Hf7XQQq0xXFnWpOc7DPFam4RkqOFOqOcHCHgZSQ5rdw071qY3YLpFN+ErUnVH02CWuNPnua1wkS2IJvPWY0Gq2LDfrWdfz2OLWmJ6OJxlYov2hiHEc0ODWl2kMa1tp3SCe9RTlAd48QvpHFPrU3PApGqz5DSGwA2mzmthtpJd7R3W69Su8GCMCCL+1TEkDJcyzmyHmxBPNOkX6rxeqxHL83cdHzs57fnC87x0kfd7ukLJRwtR/xdN7/4bHu+yCvovZtCiXVMuFbSMzPJtBdc3Jyi9uki+puullOg8knjf9fm6i2nzzguBG0KsRhXsB+VWysAsdQ45vBpUv2NxXU287F1eUPzKOZrOwv9o92VTza/CDCYf47E0mH5pcC+37glx8N6h+0OHprBzcDSzQJ5bE8ykBe4abusHG8ezodFXOXLftGoTzTKecFuTZUdRYGty0mEMYAA1mZwbAGg5p8CpMqq4ma/K1sXVL3VXZaQqVnfLecxLQNA1sECNxHUrVWW9eWdOBERcgiIgIiICIiAiIgIiICIiAiIgIiIC0dqYUuAc322zHWDq09q3kQcPZ+Pa4kb5MtNnDqIPctfhptRlHBVqrjEtyDWSanNAt2ldbHbLp1TLhDho5tneK5e1eDba9I0apNSmSDGZ7TIuDIM+a6rMc0bRMKYbtymCSzGY2ifmteSzeea2bCek6QthnCmqQQNq4ltgWl7Z3OlsRczlvvk2KmWJ4psIfZ5dnY9pH/JrvetSpxQUN2JrjtFM/8AUL0Pv8M9/p+yYiEVxHCV5P7UxJaAdGw7PIgCInmknqjeuVitq0Xn4Svjawgy2pVIDjmbFp5ojNI6h0qwGcUFDfXrnsFMf9CujhuKjAiMzKr/AKdRwH/HIo+/wx2+jqNQpsbWpUsxpYak2S0g1ZeRAAMTGpk966uA4ObR2i8FwcGmIfVGVtpjKyAXRLtBAnUK8NmcC8LRvSoUqZ+cxoz/AO887zK7uFwLKfsi51J19dipvxO/RjzJs5XAvgzT2fhxQpnMSc1R5ABe8wCY3CAABuAC76IsszuduRERQCIiAiIgIiICIiAiIgIiICIiAiIgIiIC8lEUSPxy/QiKI7pCgRF0AXpERAiIgIiICIiAiIgIiICIiD//2Q=='),(21,'AGUA MINERAL CRYSTAL SEM GAS 500ML',5,1,0,113,0,'7894900530124',12,'https://www.drogaraia.com.br/_next/image?url=https%3A%2F%2Fproduct-data.raiadrogasil.io%2Fimages%2F3448200.webp&w=828&q=75'),(22,'REFRIGERANTE GUARANA ANTARCTICA LATA 350ML',8,1,0,174,0,'7891149542109',12,'data:image/jpeg;base64,/9j/4AAQSkZJRgABAQAAAQABAAD/2wCEAAkGBxASEhIPEBIVFRAVEBcWFhUWEhUVEBIVFRcXFhUWFRcZHSggGBolHRUWITEhJSstOi4wFx8zODM4OCgtLisBCgoKDg0OGxAQGy0lICU2MC0tLS0tLS0tLS0tLS0tLS0tLS0vLS0tLy0tLS0tLS0tLS0tLS0tLS0tLS0tLS0tLf/AABEIAOEA4QMBEQACEQEDEQH/xAAbAAEAAgMBAQAAAAAAAAAAAAAABAUDBgcCAf/EAEUQAAEDAgMDCAgDBQcEAwAAAAEAAgMEEQUSIQYxsRMiM0FRYXGBFDI0UnJzkaEjQpIVosHR8AdDVGKCk+EWZLLxJFNj/8QAGwEBAAIDAQEAAAAAAAAAAAAAAAEDAgQFBgf/xAA4EQACAQMBBQYEBQMEAwAAAAAAAQIDBBExEiEzQVEFEzJhcYEUIpHwBkKhscEV0eEjUmLxkrLi/9oADAMBAAIRAxEAPwDuKAIAgCAIAgCAIAgCAIAgCAIAgCAIAgCAIAgCAIAgCAIAgCAIAgCAIAgCAIAgCAID45wGpNh3oDA6uiG+Rn6ggIEm09A02NVCCOrlBdAYztdh/wDio/qgPJ2xw7/Es+jv5ID4NscO/wASz6O/kgPQ2vw//FR/U/yQGWPaigcbCqiJ7M4ugJ7a2I652/qAQGZjwRdpBHcbhAekAQBAEAQBAEAQBAEAQBAEAQBAEAQBAfCgOK43jEkNXeSRz5GyEZibsbc2uAexaMr1ZaS0OdPtBJtRWhfYjVy8meXqy1hHWbNPkDr4LB3c+iMHfT6I5xPjrmOIa2NwBNnZXWPfqVKuKj6EK7rPp9DwdqJvdZ+j/lT31Tr+hPxFbqvoYnbSze6z/bCnvanUd/V6/oeP+oZfdZ+gJ3s+o7+r1PQ2gk91n6f+U76p1J+Iq9V9CRR4y+R7WZYxc2u67WjxN9FDuKi6GMruqun0OjUlPURsAjqHAW3NPM8tdyw+LmtUiVe1OiNap8ae+r0e5sgfblGmxdl7bWvuVivUlmSMl2ilvlE7hTk5W3NzlFz2my3U8nRTyjIpJCAIAgCAIAgCAIAgCAIAgCAIAgCAgY3XiCJ0hOtrDx6lRcVVTg39Ci5rKlTcvocEx6TlHlx3krjwW489DqYhh1TUAPJzbvWfzmts4glu8NIY62mvmFsQpt70bMKUpb0eH7OTgkENzAEgAlxdl32yg2GoNzYc4aqzu5FndTDtmJx7tu0Fzh6r3ncL3ysvb/M3tU93Iz7mZDqcHeyRkLsud7y0b7XEhjudN1x9FDi08GDhJNJmX9husHGRgY5wax3Ps9zi5obbLcasdqRZTsMy7t9TJTbOTPDSCwEvLcpJzNIfkNwAdM3Z2hFTkwqUmsn0bOzi55os5o1JbYOykOIIBaBnbe9iNdNFHdyIdKReYJNUUjmtlP4LnZbX0BN7aHVvqk2VM4OG8onCVPe9CrdEYKg9rX/Uf+lU/DgpemDuOymJieBpvzmgA+HUf67F07Ortww9Uduyrd5TxzRdrbNwIAgCAIAgCAIAgCAIAgCAIAgCAFAc0/tAxrM7kmnms08T1/13LjXVXvKmOSODfV+8qbK0Rp7NnqiVnKtbodwJAcR22Kqjk1oxljcQq+arp8rXudHZoDbBrSQzLluQOdbK0XN91ldGci5VJ6FYcUmAyiV1rg6HdlDQLdmjW6dwWSnLqZKc+phNfLZw5R9nbxmNjYAC/k0DyCbUupO1LqfH4hKbAyvIBBF3u0INwRrvvrdTlk7UnzDcRmDi8SyZiLF2d2YgbgTdMy6jal1PsNfK0ZWyPa297B5Ave97X7QCm0+pClJaM9x4jM0ANleANAA4gWItw0UbUuo25dS/wP0up5olaWjQh3J6DQXDbabt4CwlOb3GEp1Jbsl5tNgTi1srOc5rbOtvIHWFVjBhODSyZtgca5KQMceadCO4/wAllRqd1NS5GVrWdKpnkdcabi4XbTyeiR9UgIAgCAIAgCAIAgCAIAgCAIAgI9fIWxyOG8McR42VdaWzTbXQrrS2acmuhw2qfnqWZtRnJI7barhQ0PMx6m0NrnWU7TLdtnPcXmdJK97jc5j9AdArYiL5kaCAE2UtkuWD1LSAIpBSZGdEssmW0fOTCZG0MiZG0euSUZIySKKV0bw9psQepYy3oxkb4MScRv6lVlmO2zWZJC2qLm6c4H671L8JD0O57PTF1PGTvy2+hIC61pLNFZO/aS2qMSyWybIQBAEAQBAEAQBAEAQBAEAQBAQ8X6GX5buCoueFL0KbjhS9Dhz/AGhnieC4sdDzcdC8vohkaRU+s74jxV0dDKOh6pN6iREtDNMFCIRAkCzRmjzZSZHoBQYn0BAemo9A9DbGHQeCoKinl9o+nBS/CS9DuOy/s8fnxK6tlwl7neseCi3W2bYQBAEAQBAEAQBAEAQBAEAQBAQ8X6GX5buCoueFL0KbjhS9Dh0ntDPE8FxY+E83HQvDuQk1WDDHyl77tjha8h0shyxNJO6/5nf5RcrYpwclnkblpZ1rmSjSjkzwVGHRG341S63VaCE/UF/BZtUlrl/oettfwbUqb608ff3zPk20UI6OggHzHzSn7uCxVSHKKOxT/B1nBfM2/v3PtBXT1BPI0FIWt9Z5hLY2fE90lh9VbFuWkUU3PYfZVrHNR4/cm8rCOldhoPZHTzS/dpt91nmHPZ+hwKs+xovEYyf0PTfQXjX0QnuFXTffnAJ/pvp+qNZ/0mb/ADR+n+DI3ZqGboSWk9bJoqmEHs0LZB9Cncxlo/5/yYVOzbaazQqp+T+/5K+p2TrWPyciXjqc0gxkeJtbzsqpUJrckcudrVTxg2mqo42U2QOa6aOVhkc0gsAka8BgcN9iwX73LCcIxp45rUwqQjGlhPLT3+/I1B/T/TgqH4TWfhO4bL+zR+fErqWXBR3rHgot1tm2EAQBAEAQBAEAQBAEAQBAEAQEPF+hl+W7gqLjhS9Cm44UvQ4bJ7QzxPBcWGh5uOhsVFT8o9sd7ZjqfdA1c7yAJ8lnTjtSSLqNN1ZqC5mrT09TiMxZSxn0aMlsYJyxxtvoXE73u3nrN1tbMqjxFbkfWbana9kW6hLdLn1ZdUn9njIhylbWxxN67DS/YHOIufJWO1S3zlgqj29Octm3pOT++n9z2zAcCvY18jj3uaxp8zH/ABURpUP9xNW+7W2c9yvp/kqsepqt7o4RCRATaCOI54CO0Obo93WXHXesaim3jG7kfO7+V3WrPvk8sgyYdTxaVNSA/rjhZyrm9znXDQe65Ud3FeJ/Q37T8N3ldbTWF5iEYa7T0ieM+8+Fjm+YY66KNPq/obtT8JXCWYyTLB+x0z2iWlkiqYzuLHBrrjqs42B81k7eT3x3nCuOzK9GWzJb/ozxHsxW2PLDkYW6ufLIOTaO2wJJ8AsHRqY+bcjW+Gq/m3LzL6nLeQqsl8l4Q2++2Z1ie8gEqlY2ZY8ilY2J403fuau/p/pwCrfhKXodx2X9mj8+JXUsuCvc71jwUW62zbCAIAgCAIAgCAIAgCAIAgCAICHi/Qy/LdwVFxwpehTccKXocOl9oZ4nguLDwnm46GzYdG5zZcvrGMRNPY6d7Yh9nOWxbxy36fudvsCCd4py0jmT9t/8F/Xvgw2lcWt/DiFmjre8mwv3k7z4rqPZpQ9DvQVXtC6+Z75a+SOc4BJBXVMk2KVWRobcC+UO/wAjDrlaOwam/iVoQ2ass1Gesrxq2VFQs6eW9Xr7vrkj7ZOw7O1uHtcGNBzvLnlrzpbKH66WOvXdYVu7z/pmz2cr3Ycrt66LdlfQYlVPooBRRuLZZWiSoIJGXOLsib2ENIzHruBuVkpOnHYWvM1aVKN5WdxNfLHdH21f9jHsfU4fEXvrGlzxbkwWZ47dZsPzeKUJU1vmY9p0ryolG3eFz34f/Rm2x2niqg2KCEMjY7NmIaHnQiwA9Vuvbrp2Ka9ZT3JGPZfZtS3bnUllvkVmzmNPpZLgu5J3NlYHEFzToSCNzhe4I3KqlUcH5G32hYQu6Ti9eT5onY6JWyuikmfK1pDmOe9zg5jgHMcLnraR90q5Tw3k+QXMJ06jpzbymbO9hjpIwdDNJyn+iMFjPqXvPkFXJbNNef8ABVJbNJJ83n2RrL+n+nBVvwlL0O47L+zx+fErqWXCR3rHgot1tm2EAQBAEAQBAEAQBAEAQBAEAQEPF+hl+W7gqLjhS9Cm44UvQ4bN07PE8FxYeE83HQ3nZSHM+Ie9U5j3tgie7/zlZ9FvWcefn+x6HsaOzRrVPJJe7/tkrv7X3kQRt6jUknya63ErYu38iPVfhyKdeT8v5OYUu9c1ntIE2hja6aFjvVdMwHwLwCpgsyRhdNxoza1w/wBj7tZI51ZVF2/0iQeQcQPsAra3jZpWEUrWnjoipVZt4AQI+hCTp2B7Ltqo6Somd+GKVjCwes8sc8C56m5co0106lvRoKpsyfQ+ZdsWcZ385PTOhYbYxkOe07o6jKwdTY5YY3MaOwAxyABUXi/R/wAGh2xSiqNGpFcmn6pv/Bop6fzC1H4Tgvwncdl/Z4/PiV1LLhI71jwUW62zbCAIAgCAIAgCAIAgCAIAgCAICHi/Qy/LdwVFxwpehTccKXocOm6dnieC4sfCeajodJ2Kg57D7lO53nPKQPtTj6rqWkdy+9T1NjHY7PX/ACln/wAV/kj7fYOaqmkYwXlY/lGDtLbgt8S0uHjZX16e3DCOp2Vdq2uFKWj3M4xTCxIOh+4XJkfQ6bTWUepCQbg2I1B7LLFamU0msMudroeWyYjGLxTgcpb+6naAJGHsvbMO25W1VW1865/ucawn3WbWesdPOPI1qyoOkAhKJOH0Uk8jIYxd73WA4k9gG8nuWUYuTwiqtWjRpupN7kd7w+kbDFHC31Y42tHflFrrsRjsrCPnFeq6tSVR83kq9uYBnkPW+lY8eNPLlP7tT9lp3cdz9v0/7Kr6O32c/wDhL/2X/wAnND0/mOC5r8J5Xkdx2X9nj8+JXUsuEvc79jwUW62zbCAIAgCAIAgCAIAgCAIAgCAICHi/Qy/LdwVFxwpehTccKXocNn6dnieC4sPCebjob1g+0kVJKY5g4MfT05a4C9rM1uN9rl27sK6VKtGnhS6I9/ZdmzuuzqU6OMrOUSxtbh7ySKmMan1rsP7wC2lXpvRlU+y7yD302VWIYRg9Y50npcMUx3uZPFz/AI2E2PiLHvVNSnRqb87zo2d32jaLZ7tyj0af7o1XG8BoKWTJLVyycxr2iKBtntdqC15flI7+5as6VODw5P6Hct7+8uobUKcVy3t7n6YyQG7SRwtMFNTtFO4/iCY8pJPYW550DP8ASBYqVWUViK3eYn2dOrLvK0/nWmNyX9/cjmlw+bnRzupnH+7lY6RgP+WRmtviCjZpy0ePUyVW7pbpQU11Tw/oyRh+zEMsjYhXQlzibBjZHu0Bcd7QBoCdSpjRTeNpGFbtGpTg5dzLd1wv+zednocKogeTqoXSEWdI6aMvI7BY80dwW5TVKnozzt5O/vH81OWOiTwWM+1+Hs31LD8OZ5/dBWbr01zNWHZV3J8N++4rsY2nirJgyBruTjpKkue4Zc2aMWsN4GZrd/WQtWrWjUyo9GbF92ZO07MrSrNZeMLXTJon9/8ATgue/CfPfynctl/Z4/PiV1LLhL3O/Y8FFuts2wgCAIAgCAIAgCAIAgCAIAgCAh4v0Mvy3cFRccKXoU3HCl6HDagfjs8TwXFh4TzcdDYI6tpYI5oWSsbfLmzNkYDqQ17TcC+ttVdGthbLWUdWw7YurJYpS3dDWJm4c4m8FRHqfUqGPH77LqzbptaP6nfp/jG5Xiin9+xlpKLDDfWsHlTu/iFD7rz/AENiP43qR1pr79y0rqSkqYYqaGSQVEIIidOGMEjCb8iXNcQCCSWk9tlZmnUiop711/Yz7O/FVP4qTnHZjPX16r+TScQoZYXmOZjo3jqcLHy7R3hUuDjuZ7inXp1o7VOSaMVNTPkcGRtc953NaC5x8gii28ImdSFNZm8LzNtw6lgomSNqXv8ASpYyzLCGPdTsdbMHEuAEjhppew8VsRUaa+bV9OR4rtb8SUu9jCC2oxefVrT2K/0XDP8AvD/sD+arzS8/0Nd/jOpypr79z039nN3U88h//Soa0fuMUbVNaJ/U16n4xuX4YpffuXr69vJmKCGOGNwGbJd0jwNQHyOJJF9baKudXK2YrC++ZwO0O2Lq93VpbuhRN6bzHBVvwnL/ACnctmPZ4/PiV1LLgr3O/Y8FFsts2wgCAIAgCAIAgCAIAgCAIAgCAh4t0Mvy3cFRccKXoU3HCl6HDqnpmfEeC4sdDzcTbqKnhhgFTUM5R0hIiivZpDdC9x7L/wAO3TZhGEIbc1nOiNynCnTpqpUWc6I1bETTzwzTRwiCWF7LhjiYpGyOyiwPquB18Ptk9mUG0sNCThODlGOGvoysoeta8jUkZJwoRCPceO1UYyNlJYNzXhsjR4B4NvJXxrTW5M26V3Wp+CTR4m2hq3At5Utad4ja2MHxyAFZOtN8zOpeV6i+aTZWKo1j6EIPqBmwNaQBcEXGmm/wVTRW0yvb03mOCPwj8p3LZj2ePwPErq2XCXud+x4KLZbZthAEAQBAEAQBAEAQBAEAQBAEBDxboZflu4Ki44UvQpuOFL0OHVXTs+Irix8J5pG27RD8KiI9T0RtuzMPW4hbNdboehu3Php9MGtYVh0lVHOwPEcUA5QgRj8V9n2zkEEkAG172vuWdKDnF8khRpurBrOEvLUm0Gy4LqNrZrtqmuLSYrFgazPqMxudbb1DoZcd/iDtcygk/EfYNnMzqkyTCOCmeWvlLSSSCQA1o69PuFjGhlvLwkYwtsuWXhR5mObZumZJSPdO59NUOIvkLHbub1m1yQNytVGKcXncy74eEXBt7mRdoNmY6eN08dQHs5cxtYGXdmubsLg7e0A306kq0VFbSYrWyhHaUs78Emn2Qj5SOmmqctVIzMI2xFwaLE8517flPZuUq3WdlveyY2kcqMpb3yIWG7OtmZUO9IEfo7yH5o+ZYEjNmDr7mk2ssIUdpN50K6dupqT2tDO7ZZzaqKBsjXMdEJ+UcwhojBN8zb67t1+tS6DU0k/My+GaqKKfnkudqRnbBVCodM2UPa0ujEeURkDRotYXJ6lhcb0p5zkwu1lRqKWU/bQ1FnTeY4LWfhNP8p3HZj2ePwPErq2XCXud+x4KLZbZthAEAQBAEAQBAEAQBAEAQBAEBDxboZflu4Ki44UvQpuOFL0OHVXTM+Irix0PNo3LCsRgdT8hWMeYmO5kjAbsJ1LSRu/rsW3SqRcNmoty5m9Rq05Utiqty0ZhwOugcyuipYyynjgLru1kke4Pu5x8GgALZozhiSisLBtW9SDjOMFhJHjAdoqNsdC9+czU7cmUN5rcwDXSE/ms0aAdqrjWppQzqvvJTC5pJQb1X3kyVOM0DhU0t5BDO4yGfKS7lS7NbJa+QWaB5+KjvaT2ocnz8w69B7cN+Hvz5kGqxfDnR07C+X/4bwWDk9aiwBHc27gN6y7ylspZfy/qT31Fxisv5dPMg0WN0j6UR1eflY6l07WtBtK5xc4Am2gu8g3tuUKrBwxLk8kRr03TxPVPJMG0NCaiPEXOkE4jDHQhnNBILXODzoQA46ddgp76ntKo9ehn8RSc1Vec9P8AJhkxSgjgrYoZHufUXcC6MgXdchg00tfed91DqU1GSi9TB1aMYTjFt5Mw2opM0Epa9zzTCnlFrCNmpcWn8xJI8getT38Nz8sMz+Kp7peWH5Ik1eIUXozII+Vc6EPbEXNAbJyw5z3dmXWw7gqZ1KWxsrO7T3NedWj3ahHO7OPc0+PpvMLWfhNPkdx2X9nj8+JXUs+Evc71jwUWy2zbCAIAgCAIAgCAIAgCAIAgCAICHi3Qy/LdwVFxwpehTccKXocOqumb4lcWOh5uJtWHzslpXUb5GxvEvKMc82jdpYtcerfdbNOUZU+7bxzRuUpRnSdJvDzlFLNUxUlNPTslZLUVBs8xnNHHGLgjN1kgu/V3a55VODinlvoZbUaVJwTy3rgp8Ly3Ge+TMM1vWy31t32Wtz3mnuys6F2/EKXlXSGH8N7GgsytORwe3M5m4eq2/eSRuVqnDazgvVWntuWNzKeariLeTc2zTU5iQxmcQnXKHb7+aKSe7z/QxU1jHnn2MsWJUomdMYeY+JoMeVhax+dmYtG62Rp7NXEd6z2obTeCxVIbWcbiD6SwRRtbo9riXfhMIecxIdnOugIGW1tO9YZWEYKS2Ulr6Ek18Jkc8x3aakPAyMFogHjLYadbTbccuqnbWd/UlzjnLXP9DH6VFycrHNc+R7gRJlYzLltl5ova933sezf1RtLDyRtrDXN8yU3cPBa5rMhxdN5hZPQn8p3LZj2ePz4ldSz4S9zv2PBRbLbNsIAgCAIAgCAIAgCAIAgCAIAgIeLdDL8t3BUXHCl6FNxwpehw+q6ZvxHguJHQ80ibfRSSa5LvPirEZol0G4rGRhIyytJsALknTtKhahESalf7p+isUWWKLMXosnulZYZlssxlttD1FYmJ9CABQQW7ToPBYFbIsPS+YUvQl+E7lsz7PH58SupZcJe537Hgotltm2EAQBAEAQBAEAQBAEAQBAEAQEPFuhl+W7gqLjhS9Cm44UvQ4dV9K34iuJHQ80ib1ISa7JvPirUZImUI0WLMZEqEc9nxBTDUmHiBhhZT8uwOmnDgHRiMOMIN+fybiOUG4X1Gu5WdnU43F33Nd7EMbnnG0+meX8nTtKNJw2tZdOn9zFWUkPIRzF2SodqYuTLLi+jjHc8ke65B6ljcJUruVGj81NaSznfzWfzYMbmjSik08Pp96FfU+u/43cSpeppPVmNQQFDILZu4eCwKyNB0vmFL0JfhO5bM+zx+fErqWXCXud+x4KLZbZthAEAQBAEAQBAEAQBAEAQBAEBDxboZflu4Ki44UvQpuOFL0OHVfSt+Irix0PNImX0Qk1+TefFWIyJtDuWDMZGZzy0hw6jfXcieAnhkR1RlIc1gDhuIdICPAh6zaUlhrcWRlh5RHdOCSSxpJNySZCSe085ZLC3JE7WXn+54e65LjvJJ+uqggAIQFALNp0HgsCvmYKfpfMKXoS/Cdy2Z9nj8+JXUsuEvc79jwUWy2zbCAIAgCAIAgCAIAgCAIAgCAICJivQy/LdwVNxwpehTccKXocOrOlb8RXDjoeaiSupSSUD958VYjJE6h3LBmMifh8UTpWtmuIvzuDsuRvvE5TYDwWdJJyxLQzpKLmlLQsJdnIDcfiB7JJDI3lG52RNMmSwyWcXBlswO87lsqjE3Fbw5Z8/Qgt2abKGSxyCKORjXBsmZ7239YXaNQOo6XBCdypLK3EK22ltReEyrxijEL2sAIPIsc7W/PIOaxtuuFVOOy8eRTVhsSS8iCAqyoICyG4eCwK+Zhpul8wpehL0O5bM+zx+fErq2fCXud+x4KLZbRthAEAQBAEAQBAEAQBAEAQBAEBExXoZflu4KmvwpehTccKXocOrelb8RXDh4TzUSQpJKJ+8+KsRkbDgtDC6EyPlyuBddtxewGhtv11/rfnGnFrLZdClCUctlrFh7InCSKryuBtmGW9iQDcX1Fjfd1KyNJR3qRbCioPMZGKoiks0GvcRy4IsWkhx52cnNfeX6dXms8P8A3GeJc5lW4yuYJjVuzvmDSNAQC/k82/QAMbpYbljv1yYZk1tbR7qMIY8l0lWCQ0AFxZc77D1twOnmpdPOrJlSTeXIhYrh0UTWujmbIS4AgFtwLOvoCdLgfVVzgorcyqpTjFbnkq1UUk8HQeCwMOZipel81L0Jeh3LZn2ePz4ldSz4S9zvWPBRbLbNsIAgCAIAgCAIAgCAIAgCAIAgIuKC8MoH/wBbuCqrr/Tl6FVdZpy9Dh1e0iVt/eK4UNDzKM11JJSv3nxWZkWOFuAsXC4B10B+x0PgoTWd5CaTyy1nrae2kVjlcCcjOtoDevqN1aqkOhdt0+Uf0RCmqqTM88icpcMoyt5rcoHbvuCpUodCVKnv3GF9XSdUJv8AA2x3i3rd4+iy2odDJzp9A2tpRb8Ek31JYyxHOtpffq36KNqHQjah0/Yq3WuSNxJ6rfbqVb8ipnmygxJt9PJYGJ5omkyeamT3B6Hctm2kU8YPYeJXVs1ikj0FkmqKyWq2jaCAIAgCAIAgCAIAgCAIAgCAIAQgNQ2g2JhlJkjzMcdSGnQ/6ToVg6cJaorlShLVI0mu2bkiBIcHNG/qd9Cq3bUnyKnZ0X+UgRUTDv4BY/CUuhh8DR6EltGwbiP0/wAisXZUjF9n0fM++it7vuo+Cp+ZH9OpeZ4fhzD2fQp8FDqyP6dS6s8fslnd9CnwUOrJ/p1LqzKzAQdxb91PwVPzH9OpeZl/6b72/Qqfg6fmSuz6PmfBgDd1/sFPwlLoZKworkTotkAbZn27gBfgsvhqXQzVnRX5TaMC2KgYRI4E9YzG5PluH0VipQWiRbGjTjokbexgAAAsANFmWHpAEAQBAEAQBAEAQBAEAQBAEAQBAYJ57DQXKA0Ha+kmmvlBab3OXVrvEEhAakBLHo5jv0OPAID3+1AN4+rHj+CA8/tZna0edkB9/a0fvs/UEAGLR++z9QQGWPHLeq5h8wgMoxlx7PJrjwBQBj5nnmh36H/xCA2rAophl5QF9j+YBot2aEkhAbtBNcC+/wCyAzIAgCAIAgCAIAgCAIAgCAIAgCAIAgPLmAoCPLRtPUgIUuEMPUEBDl2fYfyj6ICK/Zhvu/ZAYzsq3s+yA+jZVvZ9kBmZsvH7qAlRYBGPyhATYsKaOoICVHSNCAztYAgPSAIAgCAIAgCAIAgCAIAgCAIAgCAIAgCAIAgCAIAgCAIAgCAIAgCAIAgCAIAgCAIAgCAIAgCAIAgCAIAgCAIAgCAIAgCAIAgCAIAgCAIAgCAIAgCA/9k='),(23,'REFRIGERANTE COCA COLA ZERO 2 LITROS',15,1,0,-3,0,NULL,1,'data:image/jpeg;base64,/9j/4AAQSkZJRgABAQAAAQABAAD/2wCEAAkGBwgHBgkIBwgVFQkXGSEaGBgYGBgcGhseHR0eHSAdHx4jKCglJCYlIR4fLT0iJjU3Lzc6His0ODM4Ny45MCsBCgoKDg0OGhAQGTAlHyU1Ky41NTUrNzctLjcyLS0zLTcvLS8rLTUzNS04LzctLS01Mi0rKy0rLS0rLjU4NSs3LP/AABEIAMABBwMBIgACEQEDEQH/xAAcAAEAAgIDAQAAAAAAAAAAAAAABQgCBwEEBgP/xAA1EAEAAgEDAgMGBAMJAAAAAAAAAQIDBAUREiEGMVETIjJBYYEHQnGRFMHRFSMlNnJ0kqGz/8QAGgEBAAMBAQEAAAAAAAAAAAAAAAMEBQIGAf/EACERAQACAgICAgMAAAAAAAAAAAABAgMRBBITIQUyMUFh/9oADAMBAAIRAxEAPwDeIAAAAAAAAAAAAAAAAAAAAAAAAAAAAAAAAAAAAAAAAAAAAAAAAAAAAAAAAAAAAAAAAAAAAAAAAAAAAAAAAAAAAAAAAAAAAAAAAAAAAAAAAAAAAAAAAAAAAMMs2jFeaRzbjtH1BmNObFqPxX/tfb8m65JnQzkx+0r0afjom0dflWJ7V58p57fNuMAAAAAAAAAAAAAAAAAAAAAAAAAAAAAABBeMfEuh8L7ROu3C897RSkV4m1rWnjtEzEdo5me/lEp2eyvfiHdY8ZeKMu4Zbc7fimaaevy6Ynib/reY559OI+Tm1usbSYsc5LxWHvNd+IGwaPS48vGWaRETXj2c/D3j8z3Gw7vo9+2nS7nt2Tq02SvMesetZ9JieYmPWGksm1aLLfJjvij4Uh+Gm4X8L79ptttf/DdVPTx8q5fy2j06vhn1np9FPjcrvaa2n20ud8bOCkXr+P23aAvMkAAAAAAAAAAAAAAAAAAAAAAAAAAABCeNtTm0fg7e9Tpp/vq6fJNZ9Jik9/srZte84tJpMfs8dpxxERz8v3/RY/x9/kbxD/tsv/nZWXSX01/Z6elYmIivE+5Pp9frbz+co8kbjS5w/tuJ1KbxeMNPbW5Jmk944jz5+nbhhu+/9Okp0Yb1zUt7Slpie1qz1V/a3CKxTp7Wt7KIrbmtY+DmIn589+1ueOY58vry+O7exxbfmmmo9+3Hbqjme/HePTiJn7q1cGOLxaI9tTNycuTFNbWiY0t1itNsdbWji3HeGTHH8EMl158AAAAAAAAAAAAAAAAAAAAAAAAAAABDeM8tMHhHesuXH1UrgyTNfWIpM8fdoDb9V4U2+19z2fU6jDqrY7UnHfFkvSIvHE9Nsd6THby5tPHnxzEcWJ3/AEMbnse4aCY7ZcV6f8qzH81UNtxRkwR1x347/q5vbrG02DF5LdXoNV483rPqaxjrzjjjnpw5McWiK5K9+nJzET7WZ7ccTFZrxMIPetxpqtZqNfr9o9plyT1TNrZK1j/TEcT97TM+vfultDoaze1uHU1G3Rrt22zQRHfNnin2teK/zQUz9rdWnyfivDh8k2Wtx/BXhk4rEVrER5OVljAAAAAAAAAAAAAAAAAAAAAAAAAAAAOtuOtwbdt+p12qtxgx0m9p9IrEzP8A1CrmlxTnvqdX0RXqm2Tp9Oqeen7c8LH+OsGTU+C99wYa85LafJER6z0T2Vv2jd8F8lMebFxgniJtz5dvnHpyjyTqq5wqzOT07WLWavBrbaemKk9vSf6stv3Kdq8TbNu2uxR/DYckWniPyz8VvrMc8/Z29NrtFOuyXraOPL9fJH+JdVptVScGkrM26ZiPrNuKxx+sqeG0eT6tz5Gtp43vJv8Ai0tZi1YtE9nL5aWk49NipbzisR+0Pq0HlwAAAAAAAAAAAAAAAAAAAAAAAAAAAHFoi0TEx2aA378I9+weIdRh2HTVttV55peb0rGOJ7zW0T73u+UTWJ5jj5+VgB8mNuqXmk7hWTD+FHja28X0H8PWMcd/bTfjFMcfK3HVzPlxxz6vU+BPwu3qnirBrvEmljHodPMWpX2lbe0vWfdn3ZntE9+bceURxx5byDrDry3mNbAH1GAAAAAAAAAAAAAAAAAAAAAAAAAAAAAAAAAAAAAAAAAAAAAAAAAAAAAAAAAAAAAAAAAAAAAAAAAAAAAAAAAAAAAAAAAAAAAAAAAAAAAAAAAAAAAAAAAAAA//2Q=='),(24,'REFRIGERANTE COCA COLA 2 LITROS',15,1,0,47,0,'7891000242100',6,'data:image/jpeg;base64,/9j/4AAQSkZJRgABAQAAAQABAAD/2wCEAAkGBw8QEQ8PEA8QEBAQEBUXFhAPFhAXEhUXFREXFxYWFRUYHSggGCYlGxcWITEhJSotLi4wFx8zODMxNygtMCsBCgoKDg0OGxAQGC4fHR8tLSstLi8rLTIvLS0tLzUrKy4uLzctLS83LSstKy0vLSstKzErNzUvODUvLS8tMDItK//AABEIAOEA4QMBEQACEQEDEQH/xAAcAAEAAQUBAQAAAAAAAAAAAAAABwIDBAUIBgH/xABGEAACAQMCAgYFBwgIBwAAAAAAAQIDBBESIQUxBgcTQVFhInGBkbEIMlKSwcLRFCMzQlNiodIVNGNygqKy4RYkQ6Oz8PH/xAAbAQEBAAMBAQEAAAAAAAAAAAAAAQIDBAUGB//EADsRAQACAQIDBQQJAgQHAAAAAAABAhEDBCExQQUSUWGRFCKB0QYTMnGhscHh8BZCFTRi0jNSU3KCkvH/2gAMAwEAAhEDEQA/AJxAAAAAAAAAAAAAAAAAAAAAAAAAAAAAAAAAAAAAAAAAAAAAAAC3c1NMJy+jFv3LJJWsZmIQNxXplxGT1q9qw1YemGiMVmUU8LHg3zPPpr3t1fZ6/ZO2064rp8vOXnKXWLxmMtuIVfU40ZLn4Sizpi84eJbaafe5OiuinEJ3VlaXFTHaVqEJS0rC1OO+F3bm6s5jLytakUvNY6S2xk1gAAAAAAAAAAAAAAAAAAAAAAAAAAALdeLcZJJNtNYbwt13vDx7gInn1eVqlNRxUShUnFShUhHMM7Sk3H0vJ4XqOH2eI5ZfRX7bvqTM2ivHymf1a6v1VuMZVXUqNwWrLq0pLHNv5nh3mzuThye3YnPD0lMHBLTsLehQwl2VKMFpeViMcJ5wuaWeXedMRiMPKvbvWm09WaViAAAAAAAAAAAAAAAAAAAAAAAAAAAApnLCbAt29LRCME29Kxl82Yj7UgmmvFEV9oP0Vnmlh+tbMyhFwoAAAAAAAAAAAAAAAAAAAAAAAAAAAAtVHlpdy3f2L7fcSZVUB8IKYPEsd0viv9vgywi8UAAAAAAAAAAAAAAAAAAAAAAAAAAAoq1NKzzfJLxZJnAopxx5t7t+ZiqoABRUjlefc/MC5SnqWe/vXgzKJyisoAAAAAAAAAAAAAAAAAAAAAAAAADFhPW9X6q2j9r9vw9ZhnLLkvFR8AAALbel6u57P8fYSOBzZJmgAAAAAAAAAAAAAAAAAAAAAAAAeW6yOlMeF2M7hx1zlONOFPVpcnJ+liWHjEFN5x3Ik8R5joX1sUuIXFO0p2NanJxbctcHCEYrdvk/BetoxiswuWd0o62uH2FzK0qU69SdOMXKVJQcU5LUo7yTzhp+0s56DVLr04X+xu/qU/5jH3vA4D69OF/sbt/4af8AMPe8Dgsy6+OHd1reP2UV98uLeBwUT68baW0LCu8/TnSiv4ZLiR7fq66WR4pauto7KpSqyp1KWrVpxvB6sLKcXHfHPPgWEepKAAAAAAAAAAAAAAAAAAAAAAACAPlH8Xcrm0sk3po0nVku5yqS0rPqjB/WAx+pO3jSpXl5LbMlTUn3RhHXP/VH3FgRlxriMrm4r3Es6q1WU9+7L2XsWF7CDBAAAM+3lsmFSt1HcSdHiMqGfQvbZ7f2lB5X+RzCJ9AAAAAAAAAAAAAAAAAAAAAAAAOVeuqu58avsvaHZRS8Eren9rb9oG/4PV/J+jdaol+kjWW39pW7DPu+BegiggFAgAZlp832lV7rq4qab3htTlpvFD2VYOn98g6cCAAAAAAAAAAAAAAAAAAAAAAADnTrZ6KSqcSurhVortZQehxe2KUY809+WeXeaL7iKWxMPa2PYt93pRqVvEffCiNzTXBv6Lep1tElrxHs8u5dVb5zy25GPtdPCf58XVP0X3fS1fWf9rwr6N1/pUvrS/Ae16bH+mN5419Z+Sl9HK676f1n+A9r0/NP6Z3njX1n5Pq6N1/pUvrP8B7Zpr/TO88a+s/JUujFb6dL3z/lHtdPNY+i+7/5q+s/7Wda9H5xi4ucMt80pP8AAe118GyPotr9dSv4/s9l0A4E1c2sXUT0XVKptH6E1LHPyW4ruItbGHPvOwrbbSnUtqZx0x+7oc6XgAAAAAAAAAAAAAAAAAAAAAAACG+sn+t1fZ/pR524+3L7r6P/AOWj4/m81Y8V7KEqfZQqJyk8zztqiovGO/C5vOPDnnTFsRjD2NfZ/W3i/emOXLy4wz/+JvTc/wAmp7yT0uTxyw3ss6mtm/BJY23y+s45w5P8J9zu/WT6fvyjw8c8VrhvSGNvCnB2tKq4SbzLSs6tfhHKfpJZzjEI7LBKandjGIld12ZbXvNvrZrnHw5efLh4ZzM8WRQ6VRiopWVHMXHfKw9MUt4qOG3hZfgkvHNjW/0w1W7HtaZzrTxz/M56fzytXPSCFSEoOzoRUo4zBzUk3pzh+H5unt+699xN8xjuw3aXZl9O8XjWtMx448/nPHz8mjRjh6svWdAP63Q/vo26H24eD25/lbpsPSfn4AAAAAAAAAAAAAAAAAAAAAAAivplZ053V3XrylG3t1By0fPnKUUoU4N8svOX3Je1cOtWO/Np5Q+u7K19Sm209LRiJ1LzOM8oiJ4zP3dI6/hPh+PW0KVxUp08KMdPoqetRbpxcoqeFqxJtZx3HPeMWmH0uw1b6uhW9+c56YzETiJx0zHFgIwdcqahEbDgfB693N06Mc43lOW0ILxnLu+OxnSlrzirk3m+0dpTv6s8+UdZ+6G+XA7CMXquK9VqFSSqUuzjTn2UZOfZxkm3H0XHW2k5NYT3xs7lIj7U/wDz+c3l/wCI721uGnWvGIxOZmO9wjMxMceOe7EZxzwppcDsrulKVjWqxuKay7a7dPVJZx+blFLOXhLnu0tslilbR7k8Y6Syv2hu9rqxXd0iaTytXPD78zP6fF6Do7weNtc2i31ueMt/pMJOVSMe6KforxymbaU7t4eVvt9bc7fU8Ix8OOIiZ8Z5z4ckona+UAAAAAAAAAAAAAAAAAAAAAAAEd9L6FKVzprf1em6l3WS/WVOnClCHteVjzZya0R3sTy5z+T6HszUvXQm2n9u2NOvlmZtM+jRX9jbW+m9uVQnKq40oU6cPzKktqtadJJZ0LbR3uO+721WrWvvWxx9POfg9HQ19xr522hNoiubTMz72P7axbj9rnnz4cOd+24FbqtHFCE615Nzp0KqfZ29un6VapTWN2s4i9k2l3MsaVc8ufTwjxa9TtDXnRn35iunGJtE8bX6VifCOs9Y49YaunG1uL2rb2tjTnCcOzpTcpdnDS3ruJR31+W65LxNcRS15rWvCeXzdV7bnb7Ourr60xMTm0YjM55Ujw8+H5K+lnEIW1N8KssqFNZuKkfnzljdSa/zexck0XWtFY+qp8Tsvb33Gp7duuc/YjpHhj9PXm1fEryFR1YWqqVHVSWdDXZ0KeHCjCKbeFpi5S79K829dpiZ93r+Xg79to204rbXxXu+fO887TPDjOZxHn8Iy+i9o6dGre5UZtujbylsoycW6tb1Qp6nnyZs04xWb/CP1n4NHaevGpq123OI96/nGfdr/wCU4bjoxSrLiFCdaFaGtpQ7fVrcIRSj8555NN+cmZ6UT9ZGXB2hfRnY2rpzE4593lmZ4/t5JcO98cAAAAAAAAAAAAAAAAAAAAAAAIz6d8ThQubmNSk6va29JQWyjqhWc1r3zpyllLnjHecetaIvOY6R+b6bsja319Gs0t3e7e2fumsRw82h/pqzrrhsqka1WpbYVSnozTWaic6s2t5cnJRXN4z4PV9ZS3dmeOOb0fYt1ozr1pMVrflOePLhWPDwz6eLZX/SjhzV9VjUrzr19NNJJxlKnGMfQhJrFOLepNv0t28cjOdXTnvTGcy4tHsvfZ0qWrWK1zPScTM8548Z5Yjl583zozdSo2V7xOaj2sk4U4xWIQjDEacILuWt8v3V3jSnu0tqdU7S0o1N5pbKv2Y428ZmeMzPniPxY9tdKnKhaWk3J032l5XhzrVcpRpdo/nKVR6McnqXmYxMRitOnOfGW2+lOpW+vuK473DTrP8AbXrbHTFePw+5fo0aNpKNjRnOFak6Va4uKa2nLUtNu2t0m5QwlnnuubMuFPcieMcZn9GF9TV3VZ3WpWJrbvVpWekY438M4ic59eTLuMUpdhGCnQ4XRg5bYde4qOMqdPww6mmTx34LPCe7HKv4y0UzqV+ttOL68zj/AE0jhafhGYjyV8LjL+k7eE565UqaUn9KalJ1Z+Wasp/VMqf8SI8P5+a69qx2fe1YxFrfhw7sfCsR6pMOt80AAAAAAAAAAAAAAAAAAAAAAAIj6x+ISjdVYdnQnpa0zq01OcdVOLaWr0cZ33T5nDr297GH2PYe2rbQi3etGecROInE+XH0mGh4P02vKE4uU+0op+lScacVjv0uKWl+Hca6616zzy9Hddh7XWpMVju26TmZ9czxZPFOJ1b9a63DViW8K9upKrFd2ZPaovJ48sEvedTjNfjDn2+209jPd09xxjnW32Z+U+cfiucC4nUo21WyurG4rUJybWiMoyTbzjl4rKa5GWneYpNLVmYa97tqau4rudDWrW8eM+H7MG34w7erb1I2cqNpSqqXZ+k5VJOMkpTqSXpSSbwuSw8d7MK6ndmJiuIdN9nG4070nWi2raMZ8IzE4iI5Ryz1OJdKFUuoV6dCNOnG4hVlTzmVWUGsOpL1LZLZZfiyzq5t3ojhnLPb9lTTbzpXvm01msT0rE+EfnPOWwn0+lqq6bSiozuIVUpPL9Bxb1bbyelYl+rthbGz6+eOKxzy5I+j0Yr3tWcxWa+ueXHlx5dess/oXxWVxewnOENc6knqjthSa9FLw2S/+mWjfN+Lm7W2ddDad2tpxGOH3dfxlLh2vkQAAAAAAAAAAAAAAAAAAAAAABzh1q9KJ0+K3tB0oyjCVNJptS3oU3vzT3ZpvoRec5e12f2zfaU7nci0ffj5qqvCHHhy4m5+i6UajpKL1LVNRwpZw+eTRO0t0l69PpTT+7Sn1j5Q83S6YKKSjO5ilyUZYS9WJGPsup0n81t9INjac20pz91fmuf8Zcvz917ZS/mHs+r4/jKx212b/wBKf/WvzUT6WQktMqleUfoveO3LbJPZtTxZ17d7PpbvVpMT/wBsfNZfSK38Kn1Y/iWNrfyZT9JtrHKtvSPmrXHabjqVOo156V9pnG1t1lqv9KNH+3StPxiPm9l1YcTdW6otQ0pVYLd52ckn4eJspoRSc5eRvu2r7qk07kVifPM/o6BOh4YAAAAAAAAAAAAAAAAAAAAAAA5d69rbs+M3Ev2tOjP/ALUYfcA9nbQVXoz6rCp76U5fyFEFkAAAA3CilbrxePxCpF6k7fVc0/7yf1XJ/YYzzXo6GMmIAAAAAAAAAAAAAAAAAAAAAAA52+Ufa6eIWtX9paKPthVn9kkBvOg0e16P9l40bum/8Uqr+8UQUQCgAIN1d7UoLz+CKqWuoe2zNz+jFv3rH3jGeZ0TcVAAAAAAAAAAAAAAAAAAAAAAABCHyl7b0eG1fB14P2qm18GBZ6lKuvh9em99F1LbynSh9qZRClam4SlF84ya9zwQUgfAK6a3XrXxA2/EX6NJesqpz6ibfFGrP91L/wB9xj1ErFQAAAAAAAAAAAAAAAAAAAAAAAQ18pWovyfh8e916j9kYJP/AFIDQ9Qzlov0/ma6OPXipn+GCiJ+IVFOrVnHlKpNr1OTaILBQAqpc1618SDZX089n5ILLoPqPkvyWqvOP3iRzJSWVAAAAAAAAAAAAAAAAAAAAAAABz58pHiCld2dsn+ht5Tfk6s8fCmveBm9UlH8n4VcXL/6lSrPP7tKnpX8VMohIg+gAGQM2tLKQE3dRHElqnRb+fDb1rf8THqvRM5kgAAAAAAAAAAAAAAAAAAAAAAA5W67q7nxq9Te0FRivJfk9N/FsD2lXFr0aSX61kvfdVN//K/cXoISIAAD4BnSj6PsCpC6mrvReUFnnJL3t/iSVjk6TKxAAAAAAAAAAAAAAAAAAAAAAAHKnXVTceN3+e90WvPNtTA9B0741Rhwizsda7epbWr7NZbUYwi8vw5LmBFAAoAfYLLS8WBtLlKNNeLYV6jqnn/z1Bfvx+JjYh1KVAAAAAAAAAAAAAAAAAAAAAAABzj8onh7p8So18ejXtY7/vU5SjL+Dh7wIwuriVSTnN5k0ll+EYqMV7EkvYBZA+gfAMmxpapZfJd4FdzV1PZ+ilt6l/uB7XqZpa+J268JZ+rv9hjKxydRGSAAAAAAAAAAAAAAAAAAAAAAACLvlA8Adxw+F1COZ2VTU8Jt9lUxGfLwehvwUWBzcUAABAZdaWiPZrnzk/sCsVsImL5OnB5TuLm8a9ChBQi+5znz90fijGeap/KgAAAAAAAAAAAAAAAAAAAAAAAt16MakZU5xUoTi4yjLdSi1hprzQHPPTLqTvqVac+HRjc28nmNNzhGtTy/mvW0pJdzzny8Q1/COpTjNZrtYUbWOd3VqRlLHlGnqz70BsemvUvWs7SFe0qVb2rBvt4KCT0tLEqUFl7b5WW909sMCLrOyr1aip0qNSpVT/R04SlPKfLSlkCWLHqLu61rTrTuoULueZSt6scwWX6Kc4vKeOez5+QMrNHqO4lKUYSqWlKG2qqp1JtLv0x0LPtaMIrOczLo1NXTmvdpXHmm/oj0bt+GWtO0t09McuU5fOqTfzpy9e3qSS7jNztyAAAAAAAAAAAAAAAAAAAAAAAAAAAAAAAAAAAAAAAAAAAAAAAAAAAAAAAAAAAAAAAAAAAAAAAAAAAAAAAAf//Z'),(25,'REFRIGERANTE COCA COLA ZERO LATA 350ML',8,1,0,-2,0,NULL,1,'data:image/jpeg;base64,/9j/4AAQSkZJRgABAQAAAQABAAD/2wCEAAkGBw0NDQ8NDQ8NDQ0NDQ0NDQ0NDQ8NDQ0NFREWFhURFRUYKDQgGBolGxUVITEhJSorLi46Fx8zODM4NzQtLisBCgoKDg0OGxAQGi0lHyUtLS8tLy0tLy0tLS0tLS0tLy0tLS0tLS0rLTAtLSsuLS0tLS0tLTctLS8tLS0rLS0tLf/AABEIAPoAygMBEQACEQEDEQH/xAAcAAEBAAIDAQEAAAAAAAAAAAACAwEHAAQFBgj/xABFEAACAgECAgUJBAYHCQEAAAABAgADEQQSBSETIjFBUQYHMmFxcoGRsRRCocEkM1KCs9EjJTVig5KiQ1NjhJOjwuHwFf/EABkBAQADAQEAAAAAAAAAAAAAAAABAgMEBf/EADARAQACAgAFAQYFBQEBAAAAAAABAgMRBBIhMUFREyIyYYGRcaHB0fAUQlKx8TMF/9oADAMBAAIRAxEAPwD7cCAgIDAgICAwIDAgMLAQEBhYCCwMhYGdsDm2BzbA5tgErAwVgArAJWACIAIgAiASIAIgEiBjEBAQGBAQEBgQGBAoBAYEBBYDCwEFgILAztgc2wObYGCsDBWASsAlYAKwARABEAEQARABEAEQMYgICAwIDAgUAgMCA1ECgEBhYDCwEFgZCwM7YGdsDm2BjbAwVgErABWACsAFYAYQJkQARAmRABEA4gMCBQCAwIFFECiiA1ECgEBgQGFgILAQWBnbA5iBzbAxtgYKwCRABEAFYAKwJsIAYQJsIEyIAIgHEBLAoogUUQKKIFFECiiBRRAYEBgQEBAQEDOIHMQOYgYxAwRAJEAEQARABECbCBNhAmwgTYQJsIBxAaiBRRAoogUUQKqIFFEBgQKAQGBAQEDIEDOIGcQOYgYxAwRAJEAEQARADCBNhAmwgSYQJsIE2EAYgKo5UHxAPzECyiBRRAqogUUQKKIFAIDAgMCAgIHT1fF9HR+u1FFZ8GtQN8u2B5lvlrwlO3VKfdrtb8QIBq8ueFucLc3xqcD8RJiEbelVxzSOMrauJPLJshxnSf75B72V+srPRLtVWpYN1bK6+KMGHzEBEQARABEAMIE2ECbCBJhAmwgTYQBiBjTDqJ7i/SB2FECqiBRRAqogUUQKAQGBAQEDRnnF8tNeut1GlU7K6bnrVCTs2g4B2qeZI55JPbIGvtXxjW25zcVHgqogHxAz+MkdAvee260/4r/zgNLLAc73PtseTsemeIu1eFrrQjGbEv1QsPwL4/CXm8TGtI1PqknEdUuOjv1C+Ob3YE+wzPaX1PkHx3XHiGmr6b9ZfVWWbq5UsAQSO0eoyB+iyJIBEAEQAwgTYQJsIEmECbCBJhAGIGNKOonuL9IHYUQKqIFVECiiBVRAYEBgQOrxfiNej01upt9ClC5GcFj3KPWTgfGB+Ztfe/ENc72Nhr7XttcDkoJJJ9ndIHBotEgrayzcrdJY+2+ssKwGKoAOe49T5mSOnfVpPtFaJYV0/R1m21ubZxufl+13YHIGB3K14ebrTW1IRqq7KV1PTiqrBPTIdp3FsDK8z2+MnoFpr+H9CFstVMCsNWqW9I9i39dg2PRanlzPIjszHQcFGgZ7S1tNdbVfo5p+0vss6QBSyvzzt7Vycc/VAxqDRp3pu0tnPkXVbA7U2jHMHtIyDg+oeIkSl+hvIryiTimiS4EdMgCahByxZj0gPA9vzHdCHukQCRAmRADCBNhAkwgSYQJsIAxAGlH9GnuL9IHZUQKqIFVECqiBRRAYEBgQNWeeriVhNGhVtlez7RYQMl2JZVHsAB+cpa0Q2xYJydmom0VZOT0jfvqAfhj85nOX5O2vAV82dBq68tlc8+XWfA5+2Tz2U/pscTO9rNXWHTFaAdHkjB5nnzPykRezX+mxRMdEhjOQq9uQNoIEnnlX2GP0fX8G1pegrsqrxnlXWiKwPfgCW9vfWtu3FwPD2r1p/v8Ad51dNY3nYnLepwCuV8DiZe1sn+hwf4/nKFmkpzno1HsawfhmR7azO3/z8Pz+77vzQXmniQqQv0eorsR0Yhh1VLgj2FfxM1pk3Onn8RwsY43Et2mauISIAIgTYQJsIEmECbCBJhAGIA0w6ie4v0gdlYFVECqiBRRAoogUEBCBqHz0J+m0Hx0i5/6lkxyPQ4LtLWpmL04eQ/pP7fzl3JPeVHPNfUh/OIXnvH4J5xj2RCsvb4TbhT7QJV34p6K56tvtf6SrTxKZPIewSFZ7Pr/Nb/a+n/xf4TTXF8TzeN+CW9jOl44GACIAYQJsIEmECbCBJhAGIA0/oL7q/SB2FECywKLAqsCggMQGIGpfPUv6Tpz46Yj5WN/OZZHfwXlq+YPUq8lhl2H/AN2y/hy696VLVwR7rfnIhe0aSllPL0tG2B8RM3Zj6Q7n3LfXv+kq38SI7B7BIVns+u81v9r6f/F/hNNsXxPN43/zlvgzpeOJgAwJsIE2ECbCBNhAk0AYgT0/oL7q/SB2VgVWBVYFFgUEBiAhA1h539L0uo0gztHQWl3PYqK2SfxlLxt1cPfkiZav1+nrTY1e/ZYpI6TG4gHG7l3GYWiI7PUwXtbcW1uPR4H+1Ptjwp/e7Oq7vjIhtk7ul3y3hz+XeoPV+Mo669n1Wk4GFobUa1mprZgEqQZvtJ7FA7ifDt9k0jF03Zjk4yZmceKNz5nxC+o0/DqlVnpu5P0NlaXlxW23dzPewBGQDgZxziYxx4ZRfib9ItHbcTrW/wCeNw+i8g+FpVxfTW0tv09iWvU2cnPRt1T+J+EvWmrbjs5M+eb45raPeiercZmrhAwCYAMCbQJNAm0CTQBiBPT+gvur9IHYWBVYFVgVWA1gMQGIGt/PCrY04X0rlalf8wJ/L5yl+zo4bXNue0dWr9Zoi9lddbPa4LUHeAFXowpJGOxRu7/CY2rudQ9HFlitZtaNR3+/69Hn8Q4VXXlqmsscXLSSQuy2w5ytYHPIIlppER0Y480zf3o15/69AcCqLV03WWfaLAz7KdhWlAB1nz2+Hxk1xx2nuZOKtPvVjpHr5eceG6Iaqyp9QyU1LhnYrve3vVcDGB3yeWu9bV9pkmvNFesvoPJzhdNFba7UZFanfQlmCwT7rsO9jywPX8ppSI96U5s176w07+f2/D1KvW361tTeis1lSbdNUvPoi5C7/DIGST448JnzTeZn7OmcVMGOKTPSe8+uo3p5fEWVRXQjBxSG3uDlXubG8g94GFUH+7M7ekOmkTO7z5/1Hb9323mwLVavRoT+v6e3B57UKMEA8M7XM2xdIh5XGataZ9NR+/6NzGbOATABgAwA0CTQJtAk0AQJ6f0F91fpA7CwKrAqsCiwKCAxAQgfAedc4GkfGTWussA8SETH1lbNsXXceuo/NrpNS1OkssOOlQCvdgbjaQMknvwSB+5Kb1XbpjHF80V8d/p/P9vI4VUaKn1d5JSoOdPWx5At2sPWx5fE+MY41XcnEzzZOSvee62ma2ilrmBbX65sVr3oMcvYFHM/DMt1iN+ZUnltbl/tq87gXCUv1m3d0tNOHtfHVsf9keIJzz7wDK1ruW2XLNab7TPZ9HxRbdfqfsdJC1afDXufRDnxHfjsA9vhJvu9uWDh5rgx+1t3ns8/V6CkV50dlt+646YhlA3vtU9THapz3zG1Yj4Z+T0MeW/WMsRHTf8A35uzqeCImNPudtX/AEDMVx0KB7Auwd5IBJz6onHEe75YxxVre/8A29fx6Rvb7TyMqT/9dMdlJNKAHku2g8vgD/3PVN4j3nmXmfZ9fPX8/wCfZtcy7mEwCYAMCbQJtAk0CbQBAlp/QX3V+kDsLAqsCqwKLAoIDEBCBrvzw6h6U0liYyPtK8+YGQnP8JS86dHD0i8zEtXcN1dvRPUNOdSGfeCysyBuR63LnzGe0TKJnWtbehkx054tN+VHV8Q1tVbK+lZm3luldSyAZ3A7QOWO7wwJpFrRHWHLbHinJutujocU8on1A2VoKlKlWbO6xge1Q3cvL4ytsm+y+Hh4rO56vofI+sV6FrQMszWuf3BgD8PxmmKNVYcVO8mnm8M4wyaQ0UqbNVrHc3PzyCxwFXxOOfgMzHn1Go7y7/YRa/PadVrrX0fS8Fqr02muuOH+xJYMj0W1RUGwg94HUQH1NNKRFY36Mc97ZLRSOnNr7eP1n7OcF1NhO68K9i02ap3Zf6REyeiXP71h59gKyuOZ8/icVSsRqnbcR8vn+n1e/wCb3S2V6vSdICGKWWWE99todmHtGxR8ZeldR1/m3NxF4tM67b1H4R0bYMu5RMAmADAm0CbQJtAk0AQJaf0F91fpA7CwKrAqsCiwKCAxAQga888VzJVpSuOZv7VVsHqc+ffKXmYh08NWLW6tRpxLUhsi6z2bur/l7Jzze3q9WvD4pjU1gtb5UXKMBE6UHru2dpGBjCjvmsZZ0478HWLz16PH1Wur1GWeparsfrKc7HP95D9Qc+2RaYlbHS1O07h6Hk75RfZFaqxGsqJLDaRuUntGDyIMmmTXSVc+Dnncd1m4vQufsOnGmLghrWYtaAe0IOxPhK2vEfDDoxYbW17S249PH19XpcI8ovs2jOmFQsbcxVmINeGOesO/B7pFMvLXWlsvB+0y8/NqPzdbRcavosttGHsuUhmfmQ2chvh4dkpXJMTMts3DUvWK9oh9X5tOI33cU0y2PuVEZQMdu2lwCfE8zma47zM6lwcVhpSkzWG7DN3mCYBMAGBNoE2gSaBNoAgR0/oL7q/SB2FgVWBVYFVgMQGIDEDXfnmH6PpT/wAS4f6V/lKX7OvhPjacA5zls9qjq6yjOT38jESjJTbzmXEu5taYhDu6NMykurHD1tPpuqc+rEpLqrXoF1ZBiFbQ+w81I/rWj2Xfwmm+Hu8vjvgb0M6XjiYAMAGAGgSaBNoEmgDMCOn9FfdX6QOysCqwKLAqsCggMQEIHwHnkH6Hpz4XuPmn/qUydnVwnxtMzkl7dBsEQ0l0dZR3iWiWGSjrJWSZO2UVexwzTd5lJl2YqPVUYmcumEb1Bkwzu+r81a/1pV6ku/htOjD3eRx/wN2mdLyBMAmADAm0CTQJsYEmgTgS056q+6v0gdhYFVgVWBVYFFgMQEIHwvnhH6BSfDUgfOtv5SmTs6eF+NpUzll7lGSMiVaoXr1ZMK2joGnr5xKtK9XraQYEq6arGVldB2kwzs+x81AzxND4VXH/AE4/OdOHu8fj59z6t0mdDyRMAGBNoE2gTYwJsYEmMCeYBSBVTAqpgVUwKKYFFMCggIQPi/O4meGKf2dVX8co4lL9nRw3xtIMJyy9yjIlW0MsmY2nW2a6sRMkVduoYErtrBMZCUWloZ2l9p5pz/Wa+um76Toxd3kcf8P1bnM6HkgTABMAMYE2MCTGBNjAkxgDMAKYFVMCqmBVTAopgVUwGDAYMD5Hzq17uEuf2L6WPzK/+Urfs34f/wBIaKYzll7lJ6MqZVtEqpzxI0s9C3hlyBmIUhO3awJ9MryHfzBkzjtDOnEY7TER5/bY2aeytQ1iMmWKgOpRuQBzg93ORNZju1rkradVnaTNKtEmloZWfb+aZCeI5H3aLSfUMAfUidGLu8nj/hbjJm7yhJgAmBNjAmxgSYwJsYEmMAZgTpPVHsH0gWUwKqYFVMCimBRTAoDAYMCOv0dWpps09y76rVKOucZHqPce8H1QmJmJ3DSvlp5BXcOYPRZ0+nsJCF8V2I37DH0SfA8s47JhbFPh6eHja9rdHzjVVoFF1d9JwAWx1WPiM/lM9RHeHXW9rdaTEshdNjK3HIBIVqycsB2Z7O3lI1X1a1vl3qa/m751Rbch1Ve0sMnoVUHmG3cvX9MS0zvptnFIjrydfx/n8li/UJaF6bVA7VyAKexiOa8vrImd95aUrNN8lPzGnT0uT0a6nUdYbejrOCMd/hzkRWvjcpvlvEe9MV+r0tD5I6vV3KiVDTIxAHSvuYDHNsDn6+eJeMUz41Dkvx9KxrfNPy6Ns+SfkvRwuorWTbdZjpb2GC2PuqPur6pvWsVeXmz2yzuXuEyzESYEyYE2MCbGBNjAkxgTYwJ5gCrsHsECymBRTAqpgVUwKKYDBgMGBndA6+r2ujJYqujDayMAysPAgwPguK+S6o7PpLGqU5JpYsUHsYcwPUQZMDxLNI9Z/pKq3PiK6rB/qGZOqT3haMl47Wn7spqdOvpVVj/lK/yEctPQ9rk/yn7u3TrtOPRrOf7mnrT8o1SETe895l6mluNmOqwHryfw7JPNHhXT6XhQWsdVcE9rHmx9UrM7TEPXSwmQKZgEmACYE2MCbGBJjAmxgSYwBmAKzyHsECqmBVTAopgVUwKAwGDAoDAUDBQGBJ9Irdogdazg9TdqiBA+TunP3B8oCTyfoH3R8oHZr4ZUvYogdhdOo7BAW0CBwmACYAJgTYwJsYEmMCbGBNjAGYASBVTAopgUUwKqYDBgUBgMGAwYCBgIGBnMDmYHMwMZgYJgEmASYAJgTJgTYwJsYE2MCbGBNjAGYBUwKKYFFMCimBRTAopgMGBQGAgYCBgIGBnMDm6BzMDmYBJgEtAJMAEwJsYAYwJsYE2MCbGBMmAcwCDAYMCgMCimAwYFAYDDQGGgMNAQaAg0DO6BzdA5ugYLQMFoBLQCWgAmBNmgAmBNjADGBMmACYBzAIMBgwGDAYMCgMBgwGGgMNAQaAg0BBoGd0Dm6BzdAxugYLQCWgEtABaAC0AEwATAmTABMAEwDmBgGAgYDBgMGAwYDBgMNAQaAg0BBoC3QM7oHN0Dm6BjdAwWgEtAJaAS0AEwATABMAEwCTABMAwMAwEDAQMBgwEDAYMBAwGDAQaBkNAW6BndA5ugc3QMboGN0DBaAS0AEwCTAJMAEwATAJMAkwMZgYEBCAhAQgIQEIDEBCAhAzAyIGYGYGIHIGDAJgYMAmADAJgEwCYBMAmBiB//2Q=='),(26,'REFRIGERANTE COCA COLA LATA 350ML',8,1,0,239,0,'7891000100103',12,'data:image/jpeg;base64,/9j/4AAQSkZJRgABAQAAAQABAAD/2wCEAAkGBxITEBAQERMTFhEWGBUXFhIXGBYVGxgVFxEXGhkXFRUYISggGhsmGxMTITIiJSkrLjEuGB8zODMsNygtLisBCgoKDg0OGxAQGy8mICUvLS0vLS0wLS0tLS0tLS8tLS0tKy0tLS0tLS0tLS8tLS0tLS0tLS0tLS0tLS0tLS0tLf/AABEIAKgBLAMBEQACEQEDEQH/xAAbAAEAAgMBAQAAAAAAAAAAAAAAAQYEBQcDAv/EAEAQAAIBAgMEBwUGBAUFAQAAAAECAAMRBBIhBTFBUQYTImFxgZEHFDKh8CNCgrHR4SRicpI0Q1JTsjNEdIPBJf/EABoBAQADAQEBAAAAAAAAAAAAAAADBAUGAgH/xAA0EQEAAgECBAQEBAUFAQAAAAAAAQIDBBEFEiExQVFxkRMyYYEiM7HwFEKhwdEjUnLh8UP/2gAMAwEAAhEDEQA/AO4wEBAQEBAQECICAgICAgICAgICAgICAgICAgICAgTAQEBAQEBAQEBAQEBAQEBAQIgICAgICAgYo2hTIzBrjnY87QJTGqdRf0g3YNfpFRU5SHv3L+8bj4PSWjyqf2/vPm4yMHtqnUNlD+Y/eNxktjlBsc3pPolMah3X9DA9KdZWJAOosT4G9vyMD0gICAgICBMBAQEBAQEBAQEBAQEBAQEBAiAgICAgIHli8StOm9VzZEUszclUXJ9BE9Or7Ws2mIjvLhGD6Quy1TUq1VzO7LTDsVVWNwq9w3CZt8lp7O30+gxUrEcseuzyetiGU1E61qdqjA9Zbs0wuc2LXsL8vvAaxEXmN0l50tbckxG/Tw8+zwrdH8Uz2ZbPmUdX1gJNyovoToDUp3PDOJ65boIzaSY32j28vs8RsGvnenku1MjOvWAElhmVBre5W5sL+sbW32fZnTRWL7dJ7dP6vtOjGIDZcrLU0IXrPuvnKnNe26lUH4e8T5tfs8Rk0cxzbdPT0/y2uH2HiQi2WpqbfGb3yZ7HtaHL+m+fJrk8Etcuiidp29vrsYXFVVZlFSoHUrdc78d247rHfrvniJtE9ZWbYdPeu8Ujb0h0DoFtImtiqFRnNQ5KqFmLXTLlKpfgpF/xy7gvvG0uW4rpopy3pG0dvuu0sMcgICAgIEwEBAQEBAQEBAQEBAQEBAQECICAgICAgcw9rPSQn/8AOo3JNmrkX0W11p6c7hj3AczK2oydOWG9wbR81vjX7eH+XMnwzgfC1+8EW85SdVHZNHE1QMoeoFAsFzON5NwADbib+Jn3mnzRzhpM7zWPZljGVNS9Wrcspy5nNyNzE33i2nHThpPu9vN9jHi8Kx5do/fq9GxzC9qjDMMrWJuQOzlYjW1huOmkby+8mOfDt9O3ju8kxrXH2tRdSQ2Z99yOB01L6/zHnPm8+b78PHttyx7Q2uCxtRl0qPf+tuP62+Ub280fwsUfyx7Q9TUfMC7MTwLEtYchc7vCeZmd+qSmOkVmKxEejY1sY1M0MVSP21JtB/rSxLIfFQZNS+20wzs2njJW2O3af1db2TtGniKNOvSN0cXHMc1PIg3B8JoRMTG8ONy4rYrzS3eGXPqMgICAgTAQEBAQEBAQEBAQEBAQEBAQIgICAgIAwOJ423v+1CbXFYi/dmNvyEzs0/il2XD/AMikfRq8Wx5yBsx2eWDwLVLnMQt7czu4T1CpqdRydPEqbPpqbWv/AFa67t26embbUXnxY+08UlMZEUZ7cBoBrqf0+jNix88qOo1U467zPWe0NCdosSbhDyBUenOWJwUZ1eJaivi3+z9lYtih92q01Yi7hahUDmy6kAX8rSOdN5Sv4ONTH5sezNx2GqUmVKoKk6i/EZiDbzVh5Spes17uk0mauSs2pLP2c7XWwJJsLXFjbUjXuBij5qe3V0P2a/4auNwGIrWHd2ZfwfK5Hi35/wBoW2TMwgICAgTAQEBAQEBAQEBAQEBAQEBAQIgICAgICBw7E6Y3aYzE/btv49tr+QvaZ2b5pdpw/acNPRqcc1rAnu9L6k87WkUVmesQ0bajHjmK3tETPgxqWLdCcjEX4afkdOE9VhFnrW3fqx6m0Wzdqo34VX8yB+U+7QpWw79o92LiCjEsrNmOtntv/qH/ANt4yzjyxWNpZOr4blvbnrO/0/w3uz8EMMMF2V94xJdyzAMURUuiLf4bu9MkjXheWt92HMTE7S19Cs7GjilZlarmDlSVtVUjMVI3Aq9NrcCxtpaHxc8RhWxVDCuGu4tRYsdAyMo38MyVFPihPEyrqMc26uh4Nra4qzW37/8ANv6sTZIs2W3aUm4v94MwIv4hhKlY2lvZ7Rau8eK++zE/wtfuxFUW5WVNBL+D5XJ8W/Pj0hcJMzCAgICBMBAQEBAQEBAQEBAQEBAQEBAiAgICAgIHDdokHHbTbcBXPxf1kH8jbxmdm+aXacO/Jx+iuYmtnZzyZgO4BQP1lzFXlpEOY4jqJzai1vCOkfZ5KNO+2vjylG072mXX6fH8LBSn0hgVd8+vss3DbHqPSFe1qJdaeY8WZgLADXznvkmY3VMmppW80j5tt2/9pKZamDK3UoHIcWBBVktlPgBoeIljLeazGzE0GnpqMd4v337+MMCjgcQ74Va1PqqdR7JkU0wWquuZyMxIYgKbEgWUWFhPNsl56dlnDodLFbTzc01iZ+nR0ZsH1C40JRFOmjK6byp6llOcMTcsaZa45od159tv1Q4uS3w4ies9J6bd/CfSe3r9Gur4BlxWVFuWvYf6iCysQTzKE+cr2pPPtHi1sWev8NzWnt+4/XZbvZ7hHpUK6VFKt7xUaxIPZYLY6GW8MTFdpc9xHLXJli1J3jZaZKoEBAQECYCAgICAgICAgICAgICAgICBEBAQEBAQOIbQH8dtQKDfrj65mO4d0z8nzS7HRW209Z+ilKjgBirdW5KCpY5esCgkA7r2I9ZetO1Zcngrz5axPjMfqz6iGxaxyjQtY2B5X3cJmVjxd9eY35d1n2DsmjRxGHp1Keeu1JqxY6hDmGVQu64GbXfcS5jpETET32czrdTky473rO1Ynb1853VjPUFYKxfqKeJOljlDCtc6DjYE+HjIeu/03aXLjmm/801+/ZbOneFDPgqjDsrXCMNSAjsLg93YljLHaWJw28xGSkd5rPvD4rMF2piTmumSjWYf6Wo9Wwv3gI9uNqk8X6Xlf0+9tHXp13mPtO/7+yybaX3bGVa1UHqKtRATvurYeqtTQa6Eg+kX/Dbeezzpa/xOCMeP56xPvFomPdg4DbBr7QQAWUA5O5QGFz3nf59081nntFvrs9ZcfwMV8E+UWn1mY6fZfejA7FXXMesbXyEtV7MLPPWOmzcz0hICAgIEwEBAQEBAQEBAQEBAQEBAQECICAgICAgUHZuxwKu1MQw7VSpWC6DRQzi4txJv5AecMU6zZpX1MzXFijtG2/upNXZN8KlKyXpJQqgm+rslZ8qjixNaob/ygcpDkyTaNoaOh0ePBeMmXrO8x9K7T3+zJ2nXWjQpYNkYmphqTAA2AqVa2Z2cX1PYUA6kWtpefJ2rWKynrS2bLbURPa0+0R0iGZjARtqlpp7uf+T/ALSf/wCv2ZUTvw+3/JVumFD3depYjNUrYisdbWVmVU+Sk2PfI7457R6rmm1mLfnvO21Yr6+ay4Zk2jgGVWGfKAxv8FVADc+dj4GT2rzV2lk4s8YdRz07b+8NPR2dXoricRi7LVrDqUF1JYsyl2OXQKEQj8UrTWaxM27y38WbHltTHh7V6z9u0e7K2ttirXSilUgimLLYWJ3atzNgPSQ5bzaIiWjodJjw3tanj+9oe/Q9v41f6beZDftJcPy19WTxG3NmzfStf1dU6OoQlW9rmo2626wte3G0uQ57JMTPRtp9RkBAQECYCAgICAgICAgICAgICAgICBEBAQEBAQNBQXWsP52/5n0h9meu6j1SKQqhlV+rOCuDfclapRJGUg6Mnh5SnP4d/t/h01Z+LyzE7b8/b0ixt3ZRxFTB4sFclMBcQ1wMoouS+niKg07uE93pzTFlfT6mMFcmC2+8/L94/wDFd2t0rq4lUp4KhU99IXNUVUIRM4Y9smwzFRo1h421lpaLdWZrNNbTX+HM9J6q10j6N4xnOJx2JwqM9tatQg2H3FVEI0ufh7zJFNXNn7UrYKqWwmJFzoWp5ypHetVADvOtjvgbLA7cxFWsGxFVqm5SW0Cjdaw0A8BI8lOaF/Q62dPbaflnu6RgejVaqqO/2VMi4dviYEfcTedDvNh3yrGnm3du5OMYcVfw/il77EwYo7TrIvwgpkLG9/4csb997nSTTtW9awy8dr5dPnz28dv1dH6MViyVr8KrAcBoq7vO/rJ4ZEtzPr4QEBAQJgICAgICAgICAgICAgICAgIEQEBAQEAYFD2r0oSi+JpqOsrqxJQGw3mwLW32y6W4jnIcmaKNPR8MvqPxTO1f34Ky23yatSs1JGsrZ6IuM9E2LWvftIyK/g7ngTIseTn33aOp0XwOWkWnadtreVo8PSYVnDYh6zYhmqPTw5ZqlWxYrd2JChAQHcncO650BnmKTMz1XLZ60rWOWJtEREfbp7MfG9OamHy08FQopSGnbzuzHmxDLqdb75YxT4bMLiWK1Zi9rbzPf6eiobc2lUxeIqYioO0QOyL2RRYBVvuH6k85KzGqtc6X01sdb98C3ezzYhxGJDOCKFIgvwzEG60h48eS35iB3KrUJOY/Q7uQh9jftCu7NxgqY41B8JJy8yFpFQfl85Rrbmy7uoz6b+H4dNPHbefXde+iobq6tx/mv56LrvPyl1y8t3Pr4QEBAQJgICAgICAgICAgICAgICAgIEQEBAQEBA4bjGtjNqXNz17a67usbd4AgTOy95dpw/8AJpt5Nbi3IOZSQym4YGxBHEEbpDW01neGllw0zY5peOktftDaNaoVSpkyLcjq0WkGY/E1RV0LkAa7uVpbjJFmFXSX08zFvxR4W+n9lexSgmxAI+vSeo383nJWt/w2iNnjVwykk3YHTcZJzyp20GGe28fv67sQ4AE2Ba9zrpy5x8SUM8Pp/ul17olWoJh06rKlIcWIuG+9nbixO/8AS0li0bbs+2G9b8m3VkdIduBl6qkeyfifdfuHdKefNvHLV0XCeF8l4y5e/hDG6NtaspU9oa7wNCW5gjcLXkGLpaGpxCsWxWiXSOhdZ2p4guzMRWcAm3whVsBYDTfwmhjmZjq4/WUrS8RWNuiwyRUICAgIEwEBAQEBAQEBAQEBAQEBAQECICAgICAgcOxrH33aeYamu1ra6dYwB/KZ2b5pdpw/8mno1eNA4fWnDukDXjs1r7z6T3VBeWuagXfKqMzclBY7+Q1ksTPgpZYpHW20f0fbbKrf7FYf+up+k9c1lffB/uj3hjtsqqLk0athxNNwPW0b2eYnBM/NHvDK2OgDXAHjPEzv3XaY6xHSFkrDQeXqD+0jus4erP2VoQR8QOYEC50OneDYfKKPGpiOWYdB9mtUth8SWLE+8VPiN/upp4S/gnevVyXFaxXNG3lC3yZmEBAQECYCAgICAgICAgICAgICAgICBEBAQEBAQOH4xLYzaYzBvtj3W+0ay257pm5fml2vD53w09GqxvH8uWn16yFrR8rWvv3/AF9CSQr3XjoVUT3YLTouuvarNkAdxfNlsSzAbhoBpzBl7DPTpDkeLRb40za2/lHl/hh9I+mL0a7UaKKxS2Zn3Xyg2ABHAjX5T5fNMTtCTScMrlxfEvPfybLoxtxcVTZ7BaimzoNbE6hhyU6+YI757x5OeFHWaWdPfbfeJ7SrfSrD00x32YALIrOo0s5JF/MAHvvfjK+aIi3Rv8Kve+n/ABeE/wBHnVbQH6tcafKVrtnD3bXY9gd3d9d1yfnFHjU9l79mIHu2J5+81b/2pL+D5XJcW/Pj0hcZMzCAgICBMBAQEBAQEBAQEBAQEBAQEBAiAgICAgIHDMZ/jNqbj/ENvN/8xuPjM7L80u04f+TT0a3Gjn8t3H68pXa8R0a195+vrdJaoLul7BW2Ewo0/wClTOneoJ+ZM0cfyw4bXddTk9ZUDp9gimMdraVFD34E7m87j5iVs0bWb3DMnPp4ifDp/eFl9n+B6vCs7aPVLNmO8BTlW2h1Op15+s2GNqsniebmzbeENR0m2etLFpkzlnTrGLMWJbOwvc9yjdykGau1ujY4Xltkw/i8J2fFXdK92zg7tlsldQeN91/5t/jlEUeNV2X32Y/4fE/+TV05aJ+kv4PlclxeP9ePSFxkzLICAgIEwEBAQEBAQEBAQEBAQEBAQECICAgICAgcNxWuN2nbcK7jTS32h3c9QfozOzfNLteH/k09Gqx2827vS353t6SBqRu17757hFeF06M9HKIoU61RQ71AG7XaVVOqgKdN1ted5fxY4iN5clxHW5JzTSvSI6eqv+0NKK1aVKiiqVUmplAGrEZfh7gd/PvkWfaJ2hd4TOSaWved4ntusuxsHg6uFo1VpUj2QHBUZgyizbtdCDr58ZNSK2ruytRkz481o5p7+ao7RwtGnirYeoHpkA6EsUa5BQk66EcddfOVckRE9HRaG974d8kbT+v1ZlXcJDdpYO7abIPaX69PIT5R51PZevZgw93xIHDE1b+OVJoYPlclxf8APj0hcpMyyAgICBMBAQEBAQEBAQEBAQEBAQEBAiAgICAgIHDcab4zaR5121F+FVhu8reUzs3zS7Th8f6NPRrMdp5fXDvtIPFr7/ha19/lPdUGSXTOjVdWweFK2NkVW3710YH0I85pY5iaw4fiFZrqb7+cy1GOwWc1KhwdNnZ6utmuVWoqoW7WoZSTw3SOa7+CxjzckRWMsxHT9P7Sy9g0+rNWmKHUrvVlBUPvVja53hQf6WHKSUjbpsq6m3Ntabc0/orfS5EGNBUWJRS+mhYE6355ct/KVs0RzdG/wm1vgbT59PR41R8I43v5i36StdsYNpndvNh4A1VupW4IFjfyv3G9p6xUmyDXamuKeW0Ln7MUtQxZvc+81QRysF+vSXcHyuZ4tO+WP+MLlJmWQEBAQJgICAgICAgICAgICAgICAgIEQEBAQEBA4ttbBVFx20boVz1swvftKXJuPEcuUo5cdpmdodXw/V4a4aRa0RMebVY7CVOFOofwseFtNPCV+S0eDZrqcMx0vX3hq62FqD/AC33H7jaW56T3FZjwRWz45/mj3hj4bH4mgx6lqlMG1xluD35CCCdN8krNq9lLPTT5vn2n7wyj0qx3+6fA00088s9/EurfwWk8o9/+3g3SXHm461u8imm7dvC3nyb3fI0mkjwj3eOCFVjdg7ak3IZiS28kkXJNhrPG1l6l8Ve1o94b5aFQgfZ1NLfcb9O6R2pafBaxZ8Vf5494bvZIqqNA6jQkagX58BynrHS8eCrq9Rprd7VXb2a4d1w1YuhUPXqOl97KQuvhcGXcNZivVzPEslMmWJpO8bRC3SVnkBAQECYCAgICAgICAgICAgICAgICBEBAQEBAQNftjZS11sezUHw1BvHd3g8oFIw7VGLZlpq6EhwGswYaHTT956G3TGog7WYeh9LGfNhpNr7TolbAtppu+d/1iBVq9dTrdrcwP3iYE4bEKDqbeROsQLTgcdS0UVGtbU9oa30Fp9Hu982YWYbyWYC+/hcwNnsHA9e7MwUUksCFbMHfUkHkATcjvnyRb1FgANw4T4JgICAgIEwEBAQEBAQEBAQEBAQEBAQECICAgICAgIHnVw6N8Sq3iAfzgefuFLd1aeSgQPKrsjDt8VGmfFRAxm6M4M/9tS/tED7p9HcIu7D0h+EQMldm0Rupp/aIErgKQNxSp355V/SBkKLaDdAmAgICAgIEwEBAQEBAQEBAQEBAQEBAQECICAgICAgICAgICAgICAgICAgICAgTAQEBAQEBAQED//Z'),(27,'CERVEJA ORIGINAL GARRAFA 600ML',8,1,0,95,0,'7891149200306',24,'data:image/jpeg;base64,/9j/4AAQSkZJRgABAQAAAQABAAD/2wCEAAkGBwgHBgkIBxEWFhMWGCAYGBgYGR4gGBofGh8gJBgdHhokHDQhGB8xIBUfITgjMSkuLi4vHyM0ODMtNygxLisBCgoKDg0OGxAQGy0lHyYvLS0wMS0tMysrLzUtLy0rLTIxLS8yLTcrNS03LSstLS0tLy0tLS0tNS0tLS0wLS0rLf/AABEIAKgBLAMBEQACEQEDEQH/xAAcAAEAAgIDAQAAAAAAAAAAAAAABgcECAIDBQH/xABEEAACAQMCBAIEBg4LAAAAAAAAAQIDBBEFIQYSMUEHIhNRYbFxgZGhwcIUIzIzcoKDkpOys9HT8AgVFhdCQ1JTYnTS/8QAGgEBAAMBAQEAAAAAAAAAAAAAAAMEBQIGAf/EADMRAQABAwEFBQYFBQAAAAAAAAABAgMRBAUSITFBE1FhcZEUgaGxwdFCUpLh8BUiIzJT/9oADAMBAAIRAxEAPwC8QAAAAAAAAAAAAAAAAAAAAAAAAAAAAAAAAAAAAAAAAAAAAAAAAAAAAAAAAAAAAAAAAAAAAAAAAAAAAAAAAAAAAAAAAAAAAAAAAAAAAAAAAAAADhVk4U5SXZHwUzY+Ld3dx56caeOzqVFGT6f4VFpd31747b0atNcmczcq92EsYTXgDjF8T3F9RnHEqai3hqUfNlbS2b+57pe/Fizbro4VVb3m4qx0TQncgAAAAAAAAAAAAAAAAAAAAAAAAAAAAAAAAAAAAAAAx9Q9B9gXP2X975Jc/wCDh83zAau8GaTZXds6tzDmfbP0fz7yC5XMTwXrFqJpzKyPBKhb2/EvEEFlSUKajvs45nzbfCo7+0ktzmlXv0bteFxHaEAAAAAAAAAAAAAAAAAAAAAAAAAAAAAAAAAAAAAAAEV8UdQ/q3w/1uunhuk6a+Gq1BfrghSXBjUNOwviKN2f7m3Zo/xwkXhreO28UI029q1GpDHtWJr9RlizPBQ1lOKsr1JlMAAAAAAAAAAAAAAAAAAAAAAAAAAAAAAAAAAAAAAAFZ/0gbt2/A9KhH/NuIRfwJSn74IPsc1acHtKx5Vl9f53+kzb84qei09ObcMnQblWvidoVXO3puT9JFw+sT6argoa+nk2OLbLAAAAAAAAAAAAAAAAAAAAAAAAAAAAAAAAAAAAAAABUH9IyvFaRo1tnd1pSx7Iwa+ufJd24zVCDcMUeW0zD52ZN6ud56uzZoi3DoqZt+NtCm30uqL+SpH5C1pJzDJ2nERjDZ8uscAAAAAAAAAAAAAAAAAAAAAAAAAAAAAAAAAAAAAAAFGePt5G/wCItH0mg8ulCVSaXZ1GlHPtxTb/ABkR3KsUrOltzXch16BZxoaek1vgyauM5ekqqxEQj/GtCrQuLfUrXd05Ka9WYtP3lvSzEThma+maqMtjtMvqOpadbX1q8wqQU4v2SWV7y+xWSAAAAAAAAAAAAAAAAAAAAAAAAAAAAAAAAAAAAAAYesajR0jSrvUbr7ilCU5Y64is4Xt2wBrRC7uNZ1y51e+ealWTm9+n+mK9iSUV7EilqK+jd0FjEZSrT7uXK4uLXKu+V3wsFLeX66JcNa9FXs6i7bLv13zt9J1brxKGu3NUYSjwS15yo3fDdw96X22ll78kn54/ApNP8fHY1aKt6MvPXre5VMLUO0QAAAAAAAAAAAAAAAAAAAAAAAAAAAAAAAAAAAAAr/xvvvsTgl26eHWqwp/Eszf7M+VcklqM1QpjSWoKOTIvzMvZaa3G5CTW9ylHMuvrKkzLqq243twqkU2KZnL52TD4Bvpaf4maU49KjlTl8E4v6yi/iNnSzml5zadERW2PLTLAAAAAAAAAAAAAAAAAAAAAAAAAAAAAAAAAAAAAFZePqX9lNPk+1zH9nUOauSWz/tCnLCuopZMu5S9hpq43YerTvEkV5trjnVuouDPkW5y4qjEOngutD+8nQpVHhel+dxkl87Rq6aMUvK7TnNbZ4tMsAAAAAAAAAAAAAAAAAAAAAAAAAAAAAAAAAAAAAQfxZtrO70OzhqEXKEavO4ptPywnjdPOMyS+NFPW3K6LX9k8V7Z1jt78Ud6vaVppVOHppWlPlazmdSTaSW22G/Z8K+XKrtamqONzHuejp01NFU00zOfCHoQtdMSfNZWuzxhTy3hZbSUG31x067EfsWo/7fBzMT0qq9MRz5c/e+KGi1oSxY0XiOWoynzbtrGFTznyv2LrscxotV0vesPtVm5HCa54+EY6ePi6NJ0/RqHF2m1bG0lGtTuIxaVSUk1OMk2syxhLzdOhd0VWppvdncqiYxPRnbT0e5Ypv5zn+cV5G0wAAAAAAAAAAAAAAAAAAAAAAAAAAAAAAAAAAAAABCvE+nNadaVbaClUc3BRfSXNCeI/KkVdTai5EUTOImYWNPdqtTNdHOImYeHw9w/pusWFC/s6z5ZdlSpJp94vMXhroVrmgtUVTE59ZWY2rqrlOd979Lg+2Sx6aT/J0f4ZxGg00zjdn9Uop1uq/PL7U4PtZZXpM/DSpP6h8/p2mzwif1SRrtVH45eTe6LS0fiDQ42+PPXi/LTjGS5U85xtJYm+2yzjJ3Z0lFq9TVTM8p5zl1d1d6/bmm5OcYwsc1FEAAAAAAAAAAAAAAAAAAAAAAAAAAAAAAAAAAAAARfjl4lof/ah7pFbUTiI8/pKexGZnyVpeXy07WZ6toqk7apUTrUMR5uZxzGrTg9pZjLmx/Ma/tFV+KrVWIq50z08pd3dDdszvUxMxznHonlG/o+SKunl5azUWXhy5tvY20/Vypdjzc6raW9y5eHkseycOUsmzvqUKnPG4Uko9HJNYSi+Z988uHn1P2nFW0NoUfh693wcTpvCf5wY2s3EK+vcNyg08V2nh56xWPej0Oh1NV/dqqjE8fkhqo3aao8vmm5rqwAAAAAAAAAAAAAAAAAAAAAAAAAAAAAAAAAAAAAinHuZf1JBd7mK+aRU1cZpjHf9JWNPOJmfD7ILZ8OXFalH7J+1yi4JJpSz6OEY5aUsYbT27r1Hm9RtG3aq3aePPPTHVvzq85inGJifjMz9XrU9EjbVqcqdy4OeVJNL7ZmU5Jde3pXt3wRU7RrriZi3mI4+XwQ16vhEVRGenhy+znS4UjFuUa27gqcvL1jywi9s9cU3v/y74Iq9sxiM0ePN9nW14iMRwnMesz9XKjptbTNY0SFWopqVZY8uH5acIvLy8/e0+3c29l3+3xXFOOM/KVDV3Yu5nGP3nP1WUbzMAAAAAAAAAAAAAAAAAAAAAAAAAAAAAAAAAAAAAEQ8Q5ulHRakcZVwmsvC2T6vsV78ZmiPH6SmtTiKvL7OmlqFpVrKhWjOM2lmaS5E5Jb5bxhZ647FTUbF016d6qOPhOHNOpriMI3rHCmsPUKNSMFcqX3NT0ko4y8puKeI4W2Vt9GppbdnT29yinEeEc/VRv0XK6onmzbux1jhKpS1evJ17d7XEE23TWfJKGevKts7Zxv61Wr2Xo9ZTuXKIiYnMY4e73upuXbE7+cx1+71tVubW81Xh2vYTjOHpusX7I7P1PdbEVFmmzVRRTGIiZ+Ur/Hcmao5xE/GE2LqAAAAAAAAAAAAAAAAAAAAAAAAAAAAAAAAAAAAAAQ/xFz6LS1H/db6N9IvOy3fxblXU100TRVVy3o+UprUTMVRHc8+jq9jShTU220lnEWlnG+ObD9hY7e1+en1hWmmqOk+jOpa5ZSjn0jj2w8fL1Hb2vzR6wRFXdPoyVrem1PLUmmns099n1T33Q7a30rj1gmJ7p9ETs4wteJ7C1tGpUfSxmprPVvHK04rfCRX3re/TEVRM5nlOekr1y7NyJnE4iOvnHBapaVAAAAAAAAAAAAAAAAAAAAAAAAAAAAAAAAAAAAABWnjbqt3o9lo1zZY5nVlF8yysOD7fEV9TYovUbtfJPp65pr4K1s+OtapPyqivyf7pGPd2Zp6uefVuW7cTGZZa8Qddfah+ZL/ANkE7H0vj6/sk7CO9yl4g67FZUaH5kv4gjY+l8fX9nNVmO9x4e431nVOMtEs7tUuSVxDPLFp9fW5M09Hs2xYr36InPmytXcriNzo2KNRngAAAAAAAAAAAAAAAAAAAAAAAAAAAAAAAAAAAACF+K/DF1xPw1GjpyUq1KoqsItpc2E4yjl7J4m2s7ZS6HyYy6pq3Zyo+54K4vtpYdjWf4Meb3EfZQte2VxGIdceFeLl10+4/RS/cfOwpd+33HZ/ZXi+SwtPuP0b+kdhSf1CtKfDXw94gp8X2OqazQdKjRbn52sylhqKUU89XnL22JYpiOSrcuzXzX2fUQAAAAAAAAAAAAAAAAAAAAAAAAAAAAAAAAAAAAAAAAAAAAAAAAAAAAAAAAAAAAAAAAAAAAAAAAAAAAAAAAAAAAAAAAAAAAAAAAAAAAAAAAAAA//Z'),(28,'CERVEJA AMSTEL LATA 350ML',8,1,0,143,0,'7891991010363',12,'data:image/jpeg;base64,/9j/4AAQSkZJRgABAQAAAQABAAD/2wCEAAkGBxESBhUSEhIRERMSERYXFxgXGRYXERESFREXFxgWFRYbHSgsJBolHRgXITEhJSkrLi4uFx8zOzUuNyg5LisBCgoKDg0OGhAQGzciICU3LjctMS83MjA1Ly0yMS83MjctLisvNi0rNS0tLTArMi03Ly0tKzYtLS0tLS8tLS0xL//AABEIAOEA4QMBIgACEQEDEQH/xAAcAAEAAgMBAQEAAAAAAAAAAAAABAUDBgcCAQj/xABHEAACAQIDAwcIBwUFCQAAAAAAAQIDERIhMQQFUQYTIkFhcYEHIzKRobGywRQlQmJzgvAVM1Jy0RYkJrPhNDVDU2OSo9Px/8QAGgEBAAMBAQEAAAAAAAAAAAAAAAIDBAUBBv/EAC0RAQACAgACBwcFAAAAAAAAAAABAgMRBCESMTJBcaHhBRQiM1Fh8BNCgZGx/9oADAMBAAIRAxEAPwDuIAAAAAAAAAAAAAAAAAAAAAAAAAAAAAAAAAAAAAAAAAAAAAAAAAAAAAAAAAAAAAAAAAAAAAAAAAAAAAAAAAAAAAAAAAAAAAAAAAAAAAAAAAAAAAAAAAAAAAAAAAAAAAAAAAAAADS+XflAp7uqqkqTrVpRUrXwwjFtpXlZtvJ5JdXUc62jyp72qy81GlTXVgp3aXa6kn7ix8pe0Udo5UtxSfNQVJy/ilGUm/BOVvBkDdjpQa6N9fYv0vE4/FcfalpinNsx4YmNyx0+U3KKpLo12r/cor3Uyxo7Tyllnz6/7Yf+s2Pde2RxWUOuK9cbvq6tO8u57RPnJKNGU1GN4tSjab6Nkr6POV7/AMPXey41/avGTOoiI/n1+62ceOGlR3jyjp5upB98ItfAYanLvfVH06dCpbjD32cToUq0lSb5tuynxu2leNsvtexlPvmnBw6s+ORGPa/E0mJt3/f1IxUty0r+TXlW5za40tr2d0pTkoqcLuF27Zxlml2pyOmnE6mz047ZCajGTp1Izs7Wk4SUrP1HZtj2qNXZY1IO8ZxTXc+PafR+z+M94rO+uGXPi6E8mYAHQUAAAAAAAAAAAAAAAAAAAAAAAABT8rt5vZuT1WrHKeHDC2uObwpruvfwLg07yq3/ALK3TatWhprpJFeWdUmUqRu0ONVHUdT0Zvvy95lpbTOLvhiu+UP6lHXbdR3befXmYJI5H6WKY5x5+jX0rNtpcoa0amUqKt1OcPay62bl9XjGyWx37al/Ycxa6Z9jFudlm3oRtwXDW66Penf6uwUeW1d0MVSGzOLbV4yaz4Z3MO3b9dSGUaWf3kmvWzmdOq1Tj3EyL80ZbcDw8Tvo+aUXtHU2GVSo6noX42lF5+DOheTTekrz2aalHLnIYk+KU0vFp2/mOKzXTOkeSiUnv1dJ2VKWV3bqNnDUpjy1mm4QyTNqzt18AHbYgAAAAAAAAAAAAAAAAAAAAAAAA1TynRvyQqdk6b/8iXzNrNZ8pC/wdW7HS/z4FWf5dvCU6dqH56rx86zBJcM/eS61NvaLLVs8rE6vN0k3dO8lrL+kff1nMx16UNNp0hSoNSeNxhbPpPNK184q7Xij5s8qbqfvab10c1lxu46It/oPM1Y1Kkoq8HB5u2c4qKbSyyaz0Sgiq3NWjJ1YSaiqknFWspdPFlaPc752jY6FcFZrzUTknaTLZ54E7Xin6UWpRVuLXzJNN+aXcZ57nrQoQlT6ThD7LtPE7uT8W3p6jzSkqitlGpwWUZtWukv4u7J6a64c2LU6hfW20Z+mdK8kq+vH+DL3o5pFee9h03ySL67fZRl8USvF86j2/Yl1sAHaYgAAAAAAAAAAAAAAAAAAAAAAAAoOXkL8ka6+7F+qpFl+U3LKN+S20fhN+rP5EMvYnwlKvah+dtqdlJrV2ivH0reCt+Yut27GqdDTpPOT678CvlST2+mnpzknpwUHrx/1Jlbb3HfUaX2WrP8AEkpSjn3Qt3ziZeErHR2tzTz0nVUsOaxJtRatf0mo5rhnn2JlfuzZqFOanT2adN1MOeHOOPFdavClhzSy6SIOwb9qz5iLjFTlOKq5ZKNSm508P80V4YWZ1vSst31XKXN16VJ1JU5U7JJKV8DxZwbt0rvTtNihscY5lRyg3d0OehlJWx2WbjfVdt/1ke6O0Vv2zGi5XXMwqNqEdZVJpqV3krRSyzJe5nOtu7FUkpKanG2FK1qtSLd1xWFWt1Fd6Raukq21O2t1I3qKf/MzfZNZS9dlL8x0byRL63n2UX8cf14HPqcP7tZ6xqfEnf4EdF8ki+tp/gv44nLxzvPX87mu/Yl1UAHZYgAAAAAAAAAAAAAAAAAAAAAAAAreUcMW4a6/6UvUlcsiFvv/AHNW/Aqf5bPJHBN5UlT2uDir+m0m3Zyw2Sv6ilnygg01PZ73lGbaqNNzhhwy0WmGPqNm37DzONfYlftt/wDbGkbz2TBtLS0ecf5Hp6tO9MxzM47zWOTpcJjx5o1eNyuY7yo2jD6NU8xGNRJSV4whT6Mm75pQl131MtOtTcGvo1eXO0nDp1LvmcnhvKV0niT4vIo6W96kKicY008MIt4bucIRSwyu9Gkr2toeob7qKpfm6WJxalK01Kd4xjnJSTWUVpbrLP1PutngfpXzXO1b0pRqwrS2esm4RjFqrKKcEscYyUZWfpJ2ks7jdvKGEKyhS2bDjklnVlLOU+DXFt5FDtO2zqUYRlhtTSUbXukoRjbX7qfe2S9zUPPc4/Rp5/neUfVnL8pXbNMd633PDTHNr15+Mtl3BskK0qrk3KPOJq2XXPLttc6D5Po0ob9nThBpxoSbfHp09G9dTVeTuzOG7k3m5vFfTLRez3m2chKn+J6kVG3mJNvJYnjpLvduL0yLMGOOjFpjm4+S07mHQQAaVYAAAAAAAAAAAAAAAAAAAAAAAAQ98L6orfg1PgZMI28l9XVPwp/CwOO14Xuno8maxvLd6wc3K6s7wnr6TeTS+zkr9aefG+2TjmY6uzqdOzV/eu4zZsc2jdeuF2HLOO23NNs2GdN9KLS6pLOD7pfLUipI3ytuStB+allhStfC8nqyN+z9sxZLC8PpJxTxd99DP8UddZdSvtCNc482ubNu2clil5qGuKS1X3Y6v3dqNk3LsHOVFGKcaMM79bbtfFxk7WeWVlwsTdj3BLWrO767ZuXe3/qbDs1CMaSjFJJdRKuG15+KNR/rJxHGTfkyQjllp7i05BQX9q6zUc3Qd3xalSyV/bbs8K6KLHkGn/a2tn/wHl1+lS1zfgslrlq3thgdFABIAAAAAAAAAAAAAAAAAAAAAAAACPvCF9gqLjTkvXFkgx7T/s8v5X7gOObWvNOzcXlZpNu+JWVlx08SJSq1bNKdKeStfJq7VnJZZYVJ369VlpNrvzEnbF0XlriyyVu0qZVKbqxxUulLm1Fxb6M5T5updPRQy+G3GL1OVevizpq2Wau11XaSbb1bt1pev5PbK6m/7s3aKa6Szk4weG9upud3p0Va97KN0JRg1GsnNypK3NYlN0qjcZdJWspSbjkrwj2X81lRdNuUpqMpSgsMYrp04VHJ3xN2SpSyyTUbW6TxBYqrVecYK2JrNNPCqtk7trWFpewVK9TFnKnSWau3DNqUk7ZvO3N+tqxEoUqL2zC+ckvpC6TjHm1VcaW0KOt0sMVm0vSavcUq1L6LBxpTnGVSUJYpWnG0acKd4xWeLDQ4NKSb6wLzZb8zHFrZcc+3NL1WNh5E04re9RpZypu7/PDI1zdVXHu2lN4bypQk8Lbim4JtJvPr68zZORSf7WlfXmZd37yOa/WZGZ5wRDdQAWPAAAAAAAAAAAAAAAAAAAAAAAAA81Y3pNcU17D0AONQxRfZ29Xfwfs7jOlGSu430ztfRprNdqT8Da+UnJef0iVbZ1fE25Q61J5tx7+Hq4LVnFxqNSi4vrytK/aZ7UvXsz/ayJrPWxU9jpJrDrGpjXSk3jVN087vTC7W0XgY6m56MqOGWKUVOU0sTylNVFJp8fOS7na1rE5NNay/XefVGPH2R/oR6eWP27/PE1T6o37OoupKUrtzd5XnLOTpKk5JJ5SwJK6z14kmnSpqblGEbt3vGPWkle6XBJeCPcbcX7Pkj7ZX0xd937GN5p6oiPH0NUeXUbdkvm18l4vwNj5E7O1ts5vXBZ9l5J2v+X2EPd25a1ZrLBDi9LdnHwNz3dsMKOzKEO9vrk+LJ0xzvdp28m3dEJQAL0AAAAAAAAAAAAAAAAAAAAAAAAAAADDtGyU6npwhPvSbXczMAKmfJzZW/wB3bucv6mCXJTZvvrxXzReg80KSnyX2dPSUu9r5IsNn3ZRh6NOK9r9bJYPdAAAAAAAAAAAAAAAAAAAAAAAAAAAAAAAAAAAAAAAAAAAAAAAAAAAAAAAAAAAAAAAAAAAAAAAAAAAAAAAAAAAAAAAAAAAAAAAAAAAAAAAAAAAAAAAAAAAAAAAAAAAAAAAAAAAAAAAAAAAP/9k='),(29,'CERVEJA BRAHMA DUPLO MALTE LATA 350ML',8,1,0,148,0,'7891149104109',15,'data:image/jpeg;base64,/9j/4AAQSkZJRgABAQAAAQABAAD/2wCEAAkGBwgHBhQSBxMTFRUWExYaFxgYFh4YGhYaHhIdHRccFhkeHSoiGh0lHhYfITsiJSkrLi4uHiMzODMtNygtLisBCgoKDg0OGhAQGy8lGyAwKzUtKysvNy0tLS03Ly03LS0tLjUxLy0tLS0tLS4tLS0tKystLS0tLS0tLS0tLTgtLf/AABEIAKgBLAMBIgACEQEDEQH/xAAcAAEAAgMBAQEAAAAAAAAAAAAABgcEBQgDAgH/xABCEAACAQIEAgYECQoHAAAAAAAAAQIDEQQFEiEGMQcTIkGBslFhccFSU1RidJGhsbMUFiMyM0Jjc5LRJDZDcsLh8P/EABkBAQEBAQEBAAAAAAAAAAAAAAAEAwUCAf/EACgRAQACAQEGBQUAAAAAAAAAAAABAgMEERMhMTNBEjKRofAUUWFxkv/aAAwDAQACEQMRAD8AvEAAAAAAAAAAAAAAAAAAAAAAAAAAAAAAAAAAAAAAAAAAAAAAAAAAAAAAAAAAAAAAAAAAAAAAAAAAAAAAAAAAAAAAAAAAAAAAAAAAAAAAAAAAAAAAAAAAAAAAAAAARHpC4sXDOFpqlvUqOWlK17K1278lv6GaLJeLs2zPBynUc4Jd+jXf+mEUjB6X1qzikm/9NeeRAcQlZ3+0myRtt39ZdPBgpOOJmOKR5txrxB11qOJlBX7k/fFnlR6QeIqVtdZS5bu6/wCFiC42cYy7VkeNOSuefB+Z9ZUbnH9lgT6Wc+w+OgpuCheOrVFSTV93tGMlt6y94SjOKcGmmrprvXqOTMe9VKNzpngaTnwZgnL5LR/CRtj4cEWrxVrETVvAAaoQAAAAAAAAAAAAAAAAAAAAAAAAAAAAAAAAAAAAAAAEY4ky/LcdjdGOpRnKdJqMnFNwsm3pfOL3vsR7gLBYeXDylXhCTnVnZuKb2SVk2vmslGd6fy68N6qpz6uLdlJ6e1d29hH+GFLC8O4KKTeudRva9k41ZJv0LkvFGc+ZXWZ3Wz53QngfDQhmONhUinolCKur2tOqvcanIqVOXA2KcoptOrZ2V1alHkSjIqXUcVZnH+JSf9WuXvNbLF5djOEcTLKKfVw01U46VHtKmruyfoa39R57KJtM2/l9cQ5Vhq9PCaacP20dVopXj1Um1Lbddkt/hWEafDeHjBWSowSS7ko7FaYySWHjq/dpRkvbZr3lm8NbZBQ/lQ8ppCTLMzWIbMAHpOAAAAAAAAAAAAAAAAAAAAAAAAAAAAAAAAAAAAAAAYEaz2rTp8QUOskl2KnNpfuEeWfUsmy3L6S0SVWNOE3qt1fZju/GXeaHpl34jo/yY+eZCsbgcVTtrpyWqMpLbnFRu34LcxtPF0cWGJpEz85p3+V4DDcW4yUqtJKpTwzTc4pNpVIu2+7Vl9aIdkNejDgjFQlOOputaOpXd6cbWXNkUxWExDk9MHta6tyurr61uY9OnO8bp3lZx9e9tvHY+bWu72e3ss7OMfShUgoTi1LCvlJc+sppeNpsuLhu35v4e3xMPKjlTMqU6NlWVnbv9h07wB/kjBfRaP4aPdJ2pdTSKxCQAA0RgAAAAAAAAAAAAAAAAAAAAAAAAAAAAAAAAAAAAAAAKc6ZKs4cQ0lFtfoo9/z5ETxeOzCNaKUFsradF1PVSUHq+E3CKj4dxNulvCYevnlJ1qii+qjz/wB8v7kRrV5OP6TFLZtpaNk7uzfqavsuV0TX5uvh6dUQzLG4yVaWq8dTje0dP6sdMUvRZbWPKjXxEFFKKvBrS9PaVpalv7TNx1SVWperXTd3yivWk7W/9fxPDDVpqW1ayv8AB+bzt7dj40l55rWxDmlVWlpW0pWSXqXi34nTXAT1cE4K/wAlo/ho5vzWjGUl1lVSa2fZ3VvZ3XOkeBIqPBmDUXf/AA1Lf09hGuNHrOUN8ADVAAAAAAAAAAAAAAAAAAAAAAAAAAAAAAAAAAAAAAAAAqbpcjGWeUrtfso+n4crEPzTLMNCgnh6ylKU4KzatFOL1OT9Uovwt6SX9LkE8+pN/FR88iAYyOxPfm6+Dpw0uaYSksZJUZqUdN4u6V97WfcnzPCjRo/k95N6tem11b2+z3nti8K79tpGOqMqUlq7z5H7aTDMzLDQpVtNKV0lzunf2W+46S4DVuC8H9Gpfhq5zVXVlG50twLvwbg/o1LyI1xo9Z5Yb0AGiAAAAAAAAAAAAAAAAAAAAAAAAAAAAAAAAAAAAAAAAwKq6V0nnlJP4uPnkQPFwSqb8r7k96VE557S0/Aj3fPlyITjaFVXcov6ie/N2NP04aPOZfpYqPde/tvtvZd3v9JjV7NR8Pu3+0/MW6qqbcv+j4jGUprVc+RDeX1irqEbHSfAl/zMwd/k1L8NHOOOpuMY6kdI8Eq3COE+j0/IjWiDWeWG7ABo54AAAAAAAAAAAAAAAAAAAAAAAAAAAAAAAAAAAAAAACselBNZ3RfO0I+eXf3EVxeMUqemcXbZ8/4mplq8XcPLN6SnRV6kdkr21L0c1vuQl8KY+rJrE0HHbmnJ+WMjG2PbO1fi1NK1is9lc46slWelbNL7IWPilikppuL/AFZR+tr+xt8z4ZzvD4pqlhMTNX5xpVGvB9WfGE4Xz+tLfBYhe2nOP3wQ3LX6zG1Ob1lXXZVrv0+o6J4ITXCGEv8AJ6fkRUeVdHWf5jmcI5hR6qjftTco3S79Mb3cu7lYu/AYSjgMFClhlaFOEYxXqSsvuPdaeFNqc9ckRFWQAD2kAAAAAAAAAAAAAAAAAAAAAAAAAAAAAAAAAAAAAAAAAAAAAAAAAAAAAAAAAAAAAAAAAAAAAAAAAAAAAAAAAAAAAAAAAAAAAAAAAAAAAAAAAAAAAAAAAAAAAAAAf//Z'),(30,'CERVEJA HEINEKEN LATA 350ML',10,1,0,12,0,'7891991015337',1,'data:image/jpeg;base64,/9j/4AAQSkZJRgABAQAAAQABAAD/2wCEAAkGBwgHBhUIBwgTFBMVGCEbFhcXGRogHhghIBwhIh4dIxcgIDQsIRopJiAfIz0iJyktMi4uIyE4PTMtNzQzMC0BCgoKDg0OGxAQGzUmICU3NSs3MzA3MjcwLTMzLSsyLTE3Ny03LS8yLzctKzUrLS0tNS0tLTctMy8uLSsvKy8tL//AABEIAKgBLAMBIgACEQEDEQH/xAAcAAEAAwEBAQEBAAAAAAAAAAAABQYHBAMCCAH/xAA7EAACAQMCBAUCAwUGBwAAAAAAAQIDBBEFIQYSMUEHE1FhgSJxFDKRI0JSgqEVM2LD0dIWNnJzk7PC/8QAGgEBAAMBAQEAAAAAAAAAAAAAAAECBAUDB//EACsRAQACAgEDAQYHAQAAAAAAAAABAgMRMRIhMgQTQVFhgdEicZGx4fDxBf/aAAwDAQACEQMRAD8A3EAAAAAAAAAAAAAAAAAAAAAAAAAAAAAAAAAAAAAAAAAAAAAAAAAAAAAAAAAAAAAAAAAAAAAAAAAAAAAAAAAAAAAAAAAAAAAAAAAAAAAAAAAAAAAAAAAAAAAAAAAqniTrk9G4cdO1l+3rvy6WOqym5z/lim8+uBM6RM6jcqQuP+I73WqkbGpSVGnUqKL5MqcVJqD6p9MPZnXpevcWalfJxvMcz+lKCUfTbOc/qR2kaItN4V8+cHz1ccmNuWCWVt75X9S3aK6EdShGrcSTjiKjNpJY6qC9Ohim95treuGGLXtbvOkNrmocS27Vapq01iTj9Kgt4pNrlUffqfy11jjHVLaf4C6clDGcRpp+yTaWZbdFuefEF5Ru7bl8xZdVyzlYeYRTw/5c/I0e2qXlg7ex+qaqxmkmtsR2l8PuU67RfW5eVrXnJMRadfm5bni3ieOnedRv47bPMPqX9cf0OngXjzWr7iGjpms1oyjV5lzcqW6i2lldHs/6epKaVSoOjdUZVYKMqqynhqaSm5JLu+ryvYoFbTKtta0tSsZT8xVX0WcOHJKEtu+7/Q9KXtHM7/0jJkx2iZtuPtL9CAjuH9Vp61o9PUKSxzx3X8MltKPw00SJsdOJ3G4AAEgAAAAAAAAAAAAAAAAAAAAAAAAAAAAAAAAAAGceKlGNfXdPjVjmD82Mt8fm8tLftl4jn/EaOZx4uXas7m2k4RblCtFZz38tZTX70XiXw/uq24eeaYikzLwoTnZaA9OuKK5knGcXvh5zFxaf5km4v46lK1a9vtSuuWcZVJ5ws42eM4x0TaT/AELXpzVPRnUqybaW+Xu315X7bNN+ufQpOq39dy5KU+SK6KPVJSbX1dds7exzqzM2ncuRnmJikTw86NlfVryFCdOFPnhzpyeIqOJfU3vj8r98knZWl75zhTtm5KfI1/iSbcfjDIyjzUuH6lzWqNyrT8qGW88sMVKmPu3TXyycnVqV3R1KjUknVgpSaeP2kPoqPbu2ub+Ytfpe+f8A5s09HT1ccTbX090/rEvC/v7u3gqcVJJPn5WspvDi5Y+zaz/odPDtOnqFo7S2t3KVOi8Yw3KU6sYzqL2jB/GGcOr3ThS8uv8AVF43WMrG2V6tJyx7vJ4UqHLZO8oSfTLcW1mLeJJS7zjzKMn3Ut908zi8ezLjmdTO9tU8I4Thwm1PG9abWHlYbTWPbuXUqfhm4z4cdSCSUqs2op5UU8csM9+WOI/BbDfXh3KeMAAJWAAAAAAAAAAAAAAAAAAAAAAAAAAAAAAAAAAAMy8Y1OV5YxwuRzqc22+yi9vhSNNM08W0nrFhnP5bl7Yx/dL17/f3K34eWbwlGadU5LDnr04yx+ZdpY65fqQepV7mjD8Vb2trUoN45vw9Hmg/4ZpxeH79Jdn2Ju1lKWmzlJ7tt52339ts/bYr+iVJ0eI4y8xqmlJ1ltiVOMXKcZJ7OLUcb98d8HKxTu0w8PQ+rjBlpFscXi3bUxG/p8JQ+q31e+UFW5EqaajGEIQisvL+mKSy33JPRNWubSz8iMaUoqTklOnCfK3hPDknjOF09CHdGteVlSoUXKcn9MIJv3aS9ETXB86dDWKauYLHPyvmX5W/pTcX3i2nh+haJnqfScuLDGCaTSJiI309nfqdetTs1c6pa0Epf3dNUaanPPRtpfRT9+r7eqgNCrS5PwkoLEnjmk8OKknBqOfXmW3fHTbaS4s811G7iTcs/U2989yC0qrOjWzTlh75b9Mbrp1fQ9cdtw+Xeq9X7fNNopFYjtqIj+zLaPCKcp8Gxckl+0msLth439+5dSn+FlPyuG509vpuay/So0XA314h0cfasAAJXAAAAAAAAAAAAAAAAAAAAAAAAAAAAAAAAAAAM38VK9OhrtjKtVUVyXCTfq400vnc0gybxya/G2EfJcpS81Rw2nluljp1+xW/Dzy+EvHTZwho804KWc4fps1tt03T+CDgref4mrO5hR50o77tRlLmnywWOZ/So8qxtLdpZZMaW6Vtpjtr7T588dpZqST/AExsU+7vLCjVbuNOqTXtXlH/AOTmYo/FMb/dzqXtivjvExuvx3y9K+rKNN2el0nSpv8AM85qVfTmmuke/JHb7vcn7WpS1ajy6k2qqWFXS+v251++l/F+Zer6FFvdRsq75bPT508eteUvf+FFp4eubRW2a1nOb9qzTX6RPXJExHaXrHrPU48/t/afi+vf+PkkuK7ilSuJVLijCq5xy2nlKThiTTx/E89F0XcrFpcxd55saSprEs4fKt1PvFejUcY3xjuS2tToXrjb2Wl1XNvZKrObe3aKiV6g1ptWUNV0ermSzGM51KbXbPTddScfjvbN5za24537/s3DwtqQraBVqUp5i7uu4td06jaZcSi+DMoS4MzTp8q86e2W+67svRurw69PGAAErAAAAAAAAAAAAAAAAAAAAAAAAAAAAAAAAAAAGZ+L1rWr6vp1a3lFOFWX5um8qWM+2cL5NMM48WLqNHUrGh5bbqTxntFKtQk2/lJfJW3CmTxl83Gl3+qavVoVHRjUcU8czxjlSST5ct49itXHhprN5dzVavRpxXSWXLm2XRJdO2+PkvdL/nlf9H+WQ9avWl4u+U6kuVUcJZ2xyZ6fd5MmPHXqtPz0y3x0mYm3x0xzXdGvNG1d6Zew/aJrHJupc35Wu7z9s52NJ0HgXUaNpCWpXVC3lP8ALCcvqb9MevsmzuvbejceMtHzv3LdTin3kudLb1WW/gmuM9DV9q0L271WlRpRp8uJt82eZtuMe+U137F8mOOme21L4I1M63qVL1fT9S4c4jt41HyydSPLOL2knJKWH9nhr39yT490R67xZTtY3SpuNvKWWm84njGMr1z8HvxtxLZapWtdOs6blyV6cvNls3h42XXfOXnHTp3J/iW3t7inXo0KiVzO3ko778ib6ei5pJP49CcVa6mK8JxUrq9azuNw+vCC3/DcHKHOpLzqjTXdc2z+zW/yXYqPhZj/AIOpOPpH/wBcC3GivDbTxgABKwAAAAAAAAAAAAAAAAAAAAAAAAAAAAAAAAAABm3i3qNDTtTsZXFByUpTy11UYypSePu4x+MmklD8VeE7/iK3o3eltOdvz/s3s5qajnD/AIly9H1y9/WLb12Uyb6Z1y8LLiLR6l//AGxKFVYhjouvTon6bFd1bivRLfjWlrlt5sk4yhXWPyrCUZJd36rPRevWB/tm9sbd0bi33jLMuzi1hbxcfj79dyHtpV53CrWsIuSzjmw1usPZ/cyUjLudx79sNrZp1Gvn9U9xpxXpFbXqGtcOzm7mm19clJQ5UpLk5Hhvm5mm/Tv6XGnxPwrxXaQq6rSq0qsF0Sbaz1SnFPMful8GSVLC+pckPJh+zlzrON2+XZ+q+lbff1JbSJXNCn+H8hvfPb0x1LX65ie2y9svw3v3LnrGvaHRrUNOo2k4WsKiq1J4TqTlFNw+yzjO+cbbHBrXHWkXOu0tSsKddypqUKmYpKUJLolnqpYfYibq11Sry1aNCK5G2nJrq8fr0ODT+FdduUo28Y5kuWnH96WJc2yx0UsPmeEvVIY4vrvCMftu/Zr/AIS3UbzhPzacOWPnVFFekeb6V8LC+C5lb8P+Hq/DHDUNPu60ZVOaU5cvROT6Jvrj1LIaY4dCvEbAASsAAAAAAAAAAAAAAAAAAAAAAAAAAAAAAAAAAAAAKlxJwLZ61qf9p0rmVKq1iWylCeFjMobZeNuq2SK1U8LdSjV56Gt0ft5El/mM1IEaVmsSyp+GmvOW+s27X/bl/qdFr4e67byzHVLb/wAc/wDcaaBqDohQp8C6rdNK91ui4rtGhPf5dbH9Cy6Hw7aaPXlc025VJxUXJpLCjlpKKWyy2+7e2W8LEwBpMViAAEpAAAAAAAAAAAAAAAAAAAAAAAAAAAAAAAAAAAAAAAAAAAAAAAAAAAAAAAAAAAAAAAAAAAAAAAAAAAAAAAAAAAAAAAAAAAAAAAAAAAAAAAAAAAAAAAAAAAAAAAAf/9k='),(31,'CERVEJA HEINEKEN LONG NECK 330ML',6.5,1,0,45,0,'7891991015139',1,'data:image/jpeg;base64,/9j/4AAQSkZJRgABAQAAAQABAAD/2wCEAAkGBxISBhISEBIVFRMSGBYaExgVGBATFxkaFhkdGBYVGBcYHSggGRooGxgXITEtJSkrLi4vGx8zRDMsNygvLisBCgoKDg0OGRAQGzYlHiY1LTcrLSs3MC8tLy03KzErLi01LS03LS4vLS03NS01LTctLzUvLS0uLTguLS0rLTU1Lf/AABEIAQwAvAMBIgACEQEDEQH/xAAcAAEAAgMBAQEAAAAAAAAAAAAABQYEBwgDAQL/xABPEAACAQIDBAcCBwkNCQEAAAABAgADEQQSIQUGMUEHEyIyUWFxgZEUI1KhscHwFTVCcnOSssPRFiQlMzRDU2J0gpOiszZUY6O0wtLh8Sb/xAAaAQEAAwEBAQAAAAAAAAAAAAAAAgQFAwEG/8QALhEBAAICAQMBBQcFAAAAAAAAAAECAxEEEiExE0FRYbHwBSIjMnGBwRSR0eHx/9oADAMBAAIRAxEAPwDeMREBERAREQEREBERAREQEREBERAREQEREBERAREQEREBERAREQEREBERAREQEREBERAREQEREBERAREQEREBERAREQEREBERAREQEREBERAREQEREBERAREQEREBERAREQEREBERARKJtLpHp0t4KmGNMhKT5GqErqRlzEKeQZwvHjeYe1ek1KeJpikBUVzZ7stOohJ0UqQVJIBPeH4PDNeR66+Nuc5aROplseJqbafS69JiaNBayAsDmJpN2LZhpmAIuPf79n7Mxq19nUqyd2qiut+NmF7Hz1nsTE+EotW3iWVERPUiIiAiIgIiICIiAiIgIiICIiAiIgIiIHOfSdjaY6QqqYctTVCgrdqoFasG6x6gUEfKTw7Sk87nypvhmUEm5JzD+WscxGpN6/GxtfjJjpKpCr0rhVAutOlntpc2LX9cpXXwUeEzNtUimLVQTwHMn6ZmcvPFLxX5Mrl2mJmY9n8qPtyrTyJkKqbnga6k9Z3rl6h4jiZ0juvWpPu5hnw9Pq6L0qbU0+SrKGA8zrx58ZovfnDk7JVgb5LH0ve3s0+Y+E6A2fVD4Ck62syIRa1rFQRa2kscLL6mPqWeHM6mJ9jIiIltcIiICIiAiIgIiICIiAiIgIiICIiAiIgaI2kes6W8c3g9NR5ZKSr9KSU3gt8JDObCwA4cb2APkO8eZCnxEgtkVQ2+mOrOQitia1ieGjsAPPQcpZMaEr1z1T0jl7xcotgpCg5qhC8alrjXXTjMTkV6+XHbcaUa+lbJMZe8b8RrfhD7zUidhlbX0FwfHwI5H55tXcDEdZuRgWJueopAnzRQp+cGay21iabYNkzqWDMLdq1wSDa4Fx/6l26HKt9w6K3uaT11Ot/51nA/NYCWPsztW1da7+04sx12iPgu0RE014iIgIiICIiAiIgIiICIiAiIgIiICfGNlueU+yP3ixPVbv4qr/R0arfmoT9UDT+5mESr8Y1NTnLOQbm2btED7Dj4yfwuFFPblQIWplqRF6bFSvaBv30uBa/GwA1FhcY3R/QH3NF17o48QLeXp8485JU67jajoHamgQm6uECm6qrH4xATqALn+78n5/HkmeZHf3/JnY6R6dbT5mVc2xhk6uqQBcs5J1Y6tpdjx5687+csvQnV/gbF0/kYgkejU0+tWkVjqRZall0Jc83/AArntDTnyvc3Pr6dC9UjbO0KZOhWgyj0NQMfnWW+BeZvaNo4I6c/6w2vERNVpkREBERAREQEREBERAREQEREBERASudIlfJuRjD8qmU/xCE/7pY5TOl2rl3Hqi/feiv/ADFYj3LPJ8IZJ1WZV3cLTZeYfgg8yASfHS3IHUHvaa8c+k5+7dTqwxqdWx7DlGIDL2QFU31HEkAc5GbjvbA20uV0udSBoxGo0BBOnCZlfaiU6jh1cljcZRhWA0WzDrUbtDKeGliePL5rFeI5e7do7qVbRGGm3gxuamgOZ27QsRqzGyk2LDvG4vcX0EjejGpk6Q3UnSph6osOF1qU2HHyzyUTEBw5F7MztwubEkjgRY6qefDThcV3dbEZOkvBmw7Zqq2vyqb28r3Cy1wLfjSjE/i45/VvSIibjSIiICIiAiIgIiICIiAiIgIiICIiAmuum6sRu7h1B72IW/mFp1D9OWbEJsLmaD6Q95RtLa4Wn/J6BIpf1ybZqvobADy8LkCF51Cvyb1rjnftTe6tQfBslxnUFkBIF1IOYXtyIv7/AAMjtsYwdcS1tCL6j57cuHvEg8NSC01tplIK5bq1xazAjUNpy8vATM/dBilGtRKlx/OUKDt4kZil2F7DtX1JOtpiTxYtk6t/3+pZMZKZMfpzOtJzZ+0A+EKAgdnMSSoAUXUuSeQNx6gSufDgm+GEqg5VTE0b3t2UzKjXvw7F7+2eWIxuIqvlercBrhUFHD0jY/0dIKCeFiWJGup5RG00zpZtbC3rpbkBp7JZ43HrituHWt69Vfvb06miULor3zONwBw9c/vnDqLk/wA6nAVPxhoG5XIP4VhfZqxO2xExMbgiIh6REQEREBERAREQEREBERAREQKZ0tbVNDc51Q2fEstFT5OCanp8Wrj2zVO7OzMzjTQTYHTZrszCD/jN81Nv2mRO6VADDqba+79vlMr7TzTjpqPMszlR6meuP2PPFbuHJmUED2EW98gauDK1CMvGx520PprqAOM21WCtheyCWty7R8OXv9s13tjEUqGNC16i0mbgH7LH0Ht4zJw5c0eNzDnyuDWNTRg4bZ5YA65fD67XtrYfbj5bQ2Keqvx0lv2VTV8OGVS4OqlQTccR9HOw90ydp0U+Dm3Ljf8Aba1/G3hyntuTmpfvGnkcCOje+7V27OPbBb5YWsDZesVKnIZKhyPfyAbN6qJ0vOW961y5iNLXtbQidST6TBbqpErXAvNsfciInZeIiICIiAiIgIiICIiAiIgIiIGuOmv72YT8s3+m0it0KiLhA9W+W+VABmLtfuqBxsdDw1uOIIkx0y0i+Bwag2zV7X42uhF7Sr7EptWxQSkDqgYjMMyUdOrpg8iylSWIsc63Ng96PKxxbvrfuUMkaz9fwXobwOeygWmBwAAdvaO7f090g6u06pLfGVgQASbIAATbMQOVyoB0vceMzxVSkhpIHzlXACC7HNlZCy8Q65QLG57xKi4ExsVgsVWrO7YQ5aiZSDUpJwqiqG7RU5tFBuNbX0vYUpjJO4i07+G/4/wnltaYjXn4b/h64TaNUEnM11tfOlNhqLrc2uoI4HznptPawq4K1YIr6Wq08xUE2sGHfVSfH3NP0a1ZHzYnDMmuZipDJcZLEgNwBpLxfgW52IjNr0s9EtRsBSRi9RjYOx16vKRY3Nxax0dQRwv797fTvfwnfyn6+KXVMVau3zVlZw4sw463FmFwysNGUjUEcfYbdQzmHetL7JbQgIpZL3uoJyVaJJ1NqhRlvwWoSdWM6dXuiauKsVrqDi0itZ0+xETqtEREBERAREQEREBERAREQEREDXfTRf7j4bL3jVYL6mk9vnt6SF2TangMViBwFaqEte1lPVUFItZQLWBzKbMwsQ0sHS7b4FgixAVcSGYsQoCqjFiSdBoDNd4XBoabsK9JywYg02V11uSGPe/y8ZXy9UbmsbU80W6pmsb/AONqbr7LAwPa7xALGw1JAY+VlJygWtdWaxJFvHbm2MHh2AIRqhdEdWuzCmz2qsc2pAUufAn1ntgduUaeDIWqpOeodUxJGVqjuBcJocrKOfCQ23GwuLroa1fKFRgclLEXLNwJJS+UALoed57Ws1xxFfLQ4sYq2j1fy/DytGHNGvh2agwY3JupYKWN768ibnUag6yq7QQ0drKEzAV8ykKFQ51CujKCpVXYOq93QtVsOAkrsvb1Klg6dPrU7CqCeqxIuwuC1ggAuAD6kyA3uxdGrbJWXiSdKoIHbJ79rk3QcePgIy1mYidd4V+RXt939mvd9qeRcUvZOV1PZZqv8ooVGqEu4DElqFNvHzIsT0nTN6YPkJzHvBgBT2NiB11Fi+RlRXTP8WHzdngTapfQnhOmcMf3sn4o+idaeHmGJiO8aesREk6kREBERAREQEREBERAREQEREDXHTj/ALOU/Wv/ANLWkZsXZdPEbJoU6gdWehszrGNOkoAZKjEI57WdmXK1+ZTjcgzfS/TVsBgkcZlqYgIwJYXFSm6HVSCNGPOa3wrU8l1DrTUW6svjWW6cB1hxQGjWP8XpY6CQm8V3txtlrSZ6pWits2n9wsVZXFlwZYFb2L12SqlOo9JWIABsQAL6HMBYx+L6NsHU2qtNXrLbFtQqlzSYuq4YYkGnamAhJsmt+JOuglsbd8NhGqfCayjMyub1Qb03anmY9eCRdNNdLjhyiv3KUjUN8dWJc5jneu+qAAVDmxJ7SgCzDUAcRaS3DvETMbhjbp7vYQYeuigojpRNRqimotNxWyutGuaa5wASCQLAnUm2nntnYFMbLd3p1gxOJARSzuhw5GSmbUyCHUM5YlQFK2DaXl8LuyhqEnG1qhqdls7VXLgAjKc2JOcC50PDN5zC3p2YlKiR1tRsxAa5rjUZuray1xms1McSLaWN55NoiNyjeYpG7KT0gbGp4StRo0c4pW2ibOQ13RCmcNYcVC+5ePE9E4A3wFM+KL9AnNO2+pbZ9ZurZqqAAVKjYq/xwKmyPXqC+RCL5vDTTTpTZR/guj+TT9ET2J28reLeGVERPUiIiAiIgIiICIiAiIgIiICIiBrvpoq5NlYR/kV835tJ2+qUzCYEtTxCisp6l6mWj22awqMHYLYC2hPZvyuADeXTpmK/cvCZ7ZDXs5PJTTcMfdeVTd/FtTxTq+grEdYFCZnqp2alEsdEzOwe97qGWxTMWFfNqe0qOfU31LZGwMUG2aChsWu3neoTUP8AmaovqjeEhNpbUrLizkqP+ECt81rKCbg3y2Bv5W85+aNGphwQlnRhmKAns57AhcwPYJ0GYG+UmwIvPzV3qVTdhi6dr5gEoOvEC2ZwDodB+Nz5eYs9dat2mHaM1aRq86T2xMWfggJqFhZCWJ43UW1LHifE8/aarve2fFomdabHOSzFFVQoADMTw+M61fHs6Bri+ed4GqJalQrX1dTVyoLMCwKBeK6GxVgTbjfjCbRzUlq1HdczoOIQqy2GRVpvZalI6KyhQyFVNsvFfJFp6YQy5IvXVWvNus5w+JFRg7B6AzB1qqR1WIe4ZSQRe3A6X5agdK7J+9VH8mn6InNe1+zsypwW92sOAatbq01JJApU3YEkn4wa3vOlNk/eqj+TT9ETrR0weGXEROjuREQEREBERAREQEREBERAREQNb9OBtsXC/l/1bys7Aw61qQFruLBlZrCqApCnNfs1QGI173HUkiWXpx+8eF/tH6t5UN2nIYEG3MHw85Q5mSMcbmNwzOTfpzxE+JWdPi6hQsx7LXSsOrcdlqYXNwJtWcix+UbTA2hj61TZ1aiaR1ZizK47z1RiDpbgQctr8uOhEsqbdb4MFrUqdZR8oKDrx5EfMJSNtbTBxh6jC4UKScwqrWPE3ABpVFHvEqcfLS2+m/7T9T8zPNYiI6tb+vdKZwu0ql1PVqjILsXfsufiwHy3GWxwymwvzvYGxxamz2q0OJZETKHqKVo01C2FgR8Y4CqLBfDQ2tPfdzaw1LYahmGui218e3nbl48uM9d5dsVq1PK7gJ8lFsLedzc+hNpOc+Ot9Tbc+7/fZHqr0dUzv6/b5NY701wzFUzZFzEZ++zN/GVX42ZiBpc2CjUnMT0zsZr7HoHxpUz71E5g273z9uU6Z3aa+7mFPjQo/oCaWKdxtY4d5vWZlJRETqukREBERAREQEREBERAREQEREDW3Tj948L/AGj9W8p27fd8tPCXDp0H8A4U8vhIHvpVD9RlC2Rigtrnw11+gTM+0aTekxDH506zVldUPxJHryPh9Ov0yq4xf3weWv8A8sft9UlaW0EFPiPmvoOdvQDT9tobF4pes0P7PP7ecyONjtW89nDlXresaTGwAMrcvK9x7PeftxyNrD4s+3xP2vIvY+NUC1x7SAPPXS3j9cydo4sGmdQb+Freelx9I9l9JWx29bekqXr6OlC29/Gtr9rTpXdgf/msJ+Qo/wCms5l2/WFzb7aazp3d9CNgYYEWIo0gfUILz6LB4Xvs+JikpCIidl8iIgIiICIiAiIgIiICIiAiIgVjpH2C+N3Uq0qIBrKVqUQbashvlueBZcy3/rTnXEVq+HqZcTSq0SDa1RXTX+8NfZOsYkbVifLjlwUyfmcljbgI7/0H2cdOc+/ddb6n6/t9uPGdUVtmUHvno0mvxzIjX9biY/7ncH/umH/waP8A4yPpQ5Rw8ceHL6bbUcWsPMg2948bz0qbwoVsH8eYufd7fsZ09T2DhFe64WgD4ilSB94EzaNBEWyKqj+qAv0Tz0qvf6PG5h3b3WxW0dtJTFGoKLMOtqMrqioD2+2RYta4AGt/AXI6hA00n2J0iNO9KRSNQRET1MiIgIiICIiB/9k='),(32,'Caldo de Mocotó',10,2,1,-1,0,NULL,1,'data:image/jpeg;base64,/9j/4AAQSkZJRgABAQAAAQABAAD/2wCEAAkGBxMTEhUTExMVFhUVFRUWFRcVGBcYFRcVFRUXFxUVGBUYHSggGBolHRUVITEhJSkrLi4uFx8zODMtNygtLisBCgoKDg0OGhAQGy0lICYtLS0tLS4yLS0vLy0tLS0tLS0tLS0tLS0tLS0tLS0tLS0tLS0tLS0tLS0tLS0tLS0tLf/AABEIALcBEwMBIgACEQEDEQH/xAAcAAABBQEBAQAAAAAAAAAAAAAEAAIDBQYBBwj/xAA/EAABAwEGAwUGAwYFBQAAAAABAAIRAwQFEiExQVFhcQYTIoGRMqGxwdHwQlJiBxQVcuHxIzNTgpIWg6Kywv/EABkBAAMBAQEAAAAAAAAAAAAAAAECAwQABf/EAC8RAAICAQQABQMDAwUAAAAAAAABAhEDBBIhMRMyQVFhBRQigZGhFUJSI0NxwfH/2gAMAwEAAhEDEQA/ABJSxLpC5CzDnMa5jSLUsKARY13Emlq4FxxJjSBUcJ7GoWcSNUi4xicQmAMJXJXcKkbZnHQFdYSOV2UQ2738ETSuhx39yG5B2sriUwq8ZcBOpKm/6c6rrO2sziS0tPs4N5Uv/TTeBXX8HUZSF0LUHs2OBUTuznIrr+AUZ1JXjuz55pjrgPE+i6w7WUpCbCuHXA/Yj0Q9S56o2ldaBTK4hcIRFSxvGrSh3NKIBsJAJpCQXHD4ToTAurjhEJhCcWlMIROFC5CUFLCuOFhXF2CkuOCoTXBTYVwtQOIgF3CnhqdhQoIO4LmFFss5dkBKsrJ2ee72skG0FJsoQEXZ7I92jSthYOzbRtPVXdG6mjgEVGT6RzpdsxVmuR519ysqHZ4cJ6rVYKbVFUvBg0hFpLzSBfsisoXCBsiW3O0aple+ggat8E6LLl1WCHqVjjyMuGXZTClFCk3gs2be88U01ahSf1XHX4xb/QP2s32zUY6Y4LhtVMcFmcD+KY6k/ih/U8kvLjZ32qXbNP8AvrOSX783ks02k7ion1gN81z12f8Ax/kK08Pc1gtjTwUja7eSyVnrTuUWGuGjkF9Qy/4h+2XuaWWnYJd2w7LOCs8bqVtteFRfUn/dFiPS+zL/APdWFRuu5pVQ29nDUImlfA3Vl9QwPzCPT5F0S1rnBVfaOzoOwVtSvNp3RLLU07q0Z4MnQr8SPZi7V2YHD0VRaOzzhp716hIKjfZmnZP4KflYvie6PIq1gqN1HooJXq1ouZjtlUWzs4D+GUjhOPasZSi+mYGU0rR2zs4R7PoVTWixPZ7TUqkjmmCJEpxCaUQHJSXElxxYJIUWiVobnuF9TxP8LeG65tLsKVlbQs7nmGiVe2Ds6Tm/0WhsN3NaIaPNWTA1gQSb56QeF8lbY7na3YBHikxqFtt6hoOaz9pvR79NFHNqsWBfP8jRhPIaG0Xm1uiqrTfROipzJPiKIpQNl52TV6jJ5VS+ezTHBCPY51pqOXP3dx1KlY7PREhin9vKXOSTZRSS8qB6dgG5UrLIAdlIKLlC+zvByWnHixxXERZNv1JnUQutYo6TXDVTByo6S4EXI3CuMEapPcondUFINFVedscJGiq2Wr1WhtFma7XNCvs7G7LNkjknLjoonGK5BaFpAjUq7s1cFB0Wt2ARIpBNjjKPmFk0+gkrgTNNEmP4q6EvkT0widFK4Sk7w6pZqNWx03fAJUaU2jVc05OKONVm+Sge1p0UHjjJfiw37klO+Xt1zVnZr4B1yWeqMhca9SWbNjdJv9QvFCXaNjStoPNTtrArIUq8aGEdQvLZ3qtuL6nKPnX6kJ6RehoKlna7ZVtrugHRS2e1ToUYyuDqvRjnxZlbMrhOD4MXePZtp08J9yzdtuupT1EjiF609gOqr7Td+RgSOC7Y1zF2g7k++DyjCktrWuCkXE4Y5JJN6G2Mr+z93UaWdUzU5tdA6GIWwslam7R7DGwcJ9F4Qy+q7R4LS6OBqtA9HGUZZe1FrGmF44d0D6upkStPgxuyPiSqj3Otag0LO3jfJ0asFR7cVm5VKLD+lr3MPoQ5G2Tt5ZCfHRqMP6cLwPQ4v/FZNRgzyX4SRXHOC8yNA+Tm6c9lI+mY8IQtk7QWCrGG1tYeFYYPe6PgtDZ6G4LXjYsMz03KxR0Msf5NW/fs0+PGXCZSUrA4lWFKy8dUZaasaCCEM+tKTJOnyUjEdghTUaonNDYtymC2DZpSpSfQXSLYPGyr69tIdEZJotLOhQlWo6chIVXjm+nRNzUfQMp18WycHIRoJMo+zgHUkoys6LsiMlKrThWHfDMARkqzvIOalKaQw0tUbqYdwUxAIyPUboQ0GgzJVU41yLTJKNKDGyPpsCry7gui1iYGpy5KcZ3L3GrgPNVo2Q4rYphsx966KN9Hd4xcpho9NUqlV0ZQANAGyI5ZrTt9xDtVuhJiCpTE+I57c0JTrHEBg1B8QzblxnME9EParZFRs6CeHD3Kc4QUXKhk3dE94U3H2QhDSqNghC2HtA51RwLchoi6l5uJyC8uUoRnbuy0blHgLD8s8ymOpRmSAuhhIlMfY+91JAW5RUvMTba6HhrYkuy5Jv7xTG6dToMYzDiy5qF1nYdIXSxquEjlJ+oXZ60nwlWdC3Zw71VJQDWZhTCqSeSTwZJbo8P+DnJPhmqoVuGYRbXTmFlrLaS3pwV1ZLSHCQVr0+rt7ZcMz5cNcoNNNp2SSFVJeosqMuwzFs7J2I62dg6SPmsteHZGyl8NpCOcfSVtrxtECFVSvKz5ZJqMHT9TZigmrZmHdi6X4S9n8r3j/wCkBa+wxOlQn+ZtN59XNB962jAU51QKiz5F6heKHseZWjsZVZMAEcsbT7sbVXU7stFF00zUbH+m7TzpEE/8CvXWhR16LHZOaD1CZa2a7Qv28WYKw9s7fSOF2Gu0fgqN8cdWgPHUtctPd3bSyVI71rrM47v8VExrFUZD/dhRFouKm8EaDgQHs/4uVLb+zxZ4sJA/NTlzTGmKmTiAHAEBVWoxZV+aJvFOHlZrLXTcQHDOnEgtMtI2MjbnoqW33gWjlyVHdtWrZzNnqYc5gZ0nHi+iYAO5c3AdACVobJfFGt4a1EUqpyDm/wCU8zoCR4XfpdB4OclzabfG8TDDPtdTRDdQFXxjF0V86zOEeFw8iieztNuIwBkYGXqtHaS2M9Fljg4ZV5TF1rQGbGUY2tDA7SVaWhrJhwBaYzIzz4FV1rqMpggeQ880mSox5Gi7ZyzV5lVl62jC4DiMvJS9+wguxQdwqu967CGmZMw35rPuTilZRLkNoGdXEKQ2kMJDhiyyziZzE8MlVU7dsAExtbPPdOpxjww7LLSgwvJkgDYZjh96o0Ug0ZAHkchHHIKlr3w1mHKSXYdYJHIKzo2mTBBB3EyNNPeFtxuNcEZXdC/fmmR7MKUHTyhVl6UROIZE688viobNWe3XMcCfnspy1GyVTG8O1aLOscIIkRtmVne9mvhOu88zrzGnqEVeF4uIIAHkqekQ2ajpxAOw5TPhxRHVoSZckcnERoRcVbLT+FtFUuZUzO23RWtlGA+MZRkearbmt1OoWtgB5EicgTwk6HT1Vo8uDoIPQ7LK9PPdul3/AAHdFKkS2W1hxIIIU+OEGxridkQQdFWKaSTfILvmivvSqNRIPBA2KlVc4HMfBaGnQG+fVT06bTvAChKD3XZRS46B+6ELgohGU7LTO5k81ypZg3crYp2rshXJA0Kaz1i0yonJoUsmPerKp0aBlraQCkqAD7lJJ4+ZcC+FD2HW6vLkGXlQ1bQcRGHU5FdbUla4wbbkyW9JUgjvAkXHgoGsEyiYhdJJdBTbO0SYzKla8KCAddE9lEDSFKSsdEjnjZPbU4qF8LjSprdEbgBvO6KdTxAYH7Obl6jdZa0Un0XZgGM42eBw5/14lbohV9vsLHzjgg7c1bFlaZOcE0E9kbyFRhLTvvkQYzBGxV3bbWIic+awtia6yVcJk06phruDhoHc9RPTmrWrb51y+E8eSpKaiv8Akmo2yxtV4HDE5LL3tfJBzBM77Ke1WpUNqrBxjDJOkFYcr3mrEqOOvozy3TrXaW9CNQeaKu6u1hwvacgQRoY+wFNaLJZyceCSTqQAY4GNV3hwjHdfQ2TJXoC2Cq5wxNBOflHXig7deFpbVnu292YHPnnx12V84u/I7A0eENGFoJ5AJ1mdIILQ4EZ6SOYSxe6a479yccllbQtDHlr4GJuk6hXlF+XeF2Z1HHl55Kn/AIES8Gm4s65jMxCntdLuj7YdnGhCqozx20uB24yfBNet6BgxPOZ9lv38VRPvt53y5Kvvio51TxcMuEIVtSEFi3LdLsrGlwXBvFx1Kjo2wYyXExmBG05ZKrdXjMlNZW8IkECJxajxDTlqFXFip2TyzUUafs7d+FzXA42gAkHj04aLXPrB2Ek+Ig+gjD8Y8o2WAs15CiWhrxUc8QGU/E4kjT9Oc+i1Vz2Z1NmOrGNwAwtJLWME4aY3OpJO5JWrJKsTUlyzGuZprouKQ3hThoQYqBStf5rEjQEudAQ77Q0ZEO8hkufvGcQU9usrpqgpkobmCPenWtz3deSgrW5xyaCOOkKGmamKSRHqoSlGT2xTp9hr1Y9lTDOJw+aiqW1k6+qVVuIwY+a4yxMn2ZPNVWLLClFqhd8X2FtcY0SXISWq17E6fuD1mCU9jApLdTieSFs9YO0KEYuMmg2mkwhrRwTkwOTsSZoCOgJYSuBSB/oloYgcwpwnopnQo3PPD3pZKwnTPMLnUJNcpAElNB4ZDXpNcC1wBB+xHNZ+/KbmOES7GTB56nP5fFajAh7VSa4EOAIOoOnomrcqYvXKMYyzV3uLYwkCfFI9OKlsF2ubVbjbMGY4xzWju+q6gCxoFWjIIpVT7EfkeQSBGUehCkq3vZZ8bK1GDElhqsEjUFs5aj2pCvHBjpU+Sbyz9gG32TFMgH8oAkiOJ3VO5rgJI8Mx58PRaqy2myO/yrVQJ4OcWO6Q8ZdFV3jYC1pDBiYc8nNcMXEQUmfSvzhx5l0xhvXw5ARhA1zB6cFDYrQGNf8AmLYbl98iqYVzwPnI06omjaRoVJ55KrKLGvQtm1XAZGCRijfQ78VVWqriylFBu6DrtgylyZbDGPJU3k0Bsk6TH0VU4g6+5WtquOvXd7TabNc8z1gfVG2LszTaPG9zjwHhHuz960Y8bUbYJZVdIy1qpxpnwAzJ6BXNC57RXYxrh3NNvHN5E/k28z5LS0LNTYPAxremvmdSnOrwJT20uESl+TtjLpuilZx/ht8Whec3Hz+QVo18kZiTsgBW5xvrxRVF+/3/AGUmn2wprpBzR5qRjSNIhQ03KZh6qTtFB8ELq4XR96p08kG+DqA6lJxOqmfVwADUnUxJ8k9V9sfUYDhcSOkx57IucqOUUiWpagcg1xPGM/VPstomUBQvA4SHTPEbqKxXg4OOIZEgdEyz415pX/0c4P0RcOY+cnEJKcdFxat7I7EW17WXLF6/VZ/usDjAgH4rbupSI2Kz942LCY2Oh+XVX1mFp74ktPkT/FgEpmGd1wSDB8jxSFQDIrJFtmiVEhHNPpU43lDvrCREEb8VO1yenQlqyR7oUIrg8Pknaod1ApVFPs5yfoFMPD7808vG6FpUyOnMJzsR005/RK4Kxt7SCRVB0UdR0qBgM8FISg0kGMr7B6n3CCtFSMvvrCLtFSNwJ0n4KjtVdjXHIkneZ8kspUgpEVspsd7bWnmQChf4VZyDNMaZYXOb/wCrlHa7dkSBBzic1XNviqDBiE+KcfcEk+qLulclnn2XHrUqcOGLMIll2UdqbR1k/ErPC+37Aekrpv6oNloWTG+xXjmaOqwx4fT6KCjTIdicNNBzVRQ7RTqwg9R8kVTvtjtcvefQZpPAwOe7/wAO35KotTU9E11WELTtbHaEcBM/AqWfvotDSJcnTVy9/D4KGs4HUn748UnCPNNNGRmpOkx+aH2ZrRmIVpScIVcyltCJZ4RkFN8hXBZ0z5KcHggrPUyUz6obmZjl/VZ8vHZSLvosqNlc7eJ32+qc+kwAiT1mFU1r0jJhdO0GM+hU1lc9zc9VnyahQ4ir/kbY2FvI+yUObO18w7C7aTkfPZO7hx+/qmusZ1y++qyLVZlK4op4cWqY+nZmkeJoxCAd/fwSFipj8OnuQ76b2Zh4b5/JdqWpztIkaz6LbhvJHdKNMnJqL2ph8cklGzvI9ke9dXOTGpGos9eDhciq1AOEESCqG7b5p12Alwz0eMgeTvylWlC0FmTsx96cV7uPLt/DIebLHf5QKa8rrLdcxs7nz4FVkYThd5Hit3DXjYgqnt10ZEsEj8u/kd1nz6WUfyx9FMWdPiRRNpDUQugjRcqsLZiSOG45JgqhY4yb7NLS9CYBNqPAid1EagGQlQ1ax/CPOFSMLYrmkgwHguOUFMkgZiVJj4pHGmNuGspkamUDbHlpGbjrlOXnyT7ReAiAc/LLyVU+SZLismbVeHaXY8MSkD3mO8EEuEGciQZ4dEPUogj7+KLqOEElD0qgeCWnQkemqw+JOXLNChFFXarPwE7fYQTbEdSPqtB3WaeyjB940Vln2qg7DOmyqN1mWptbcbQCAI+9foqm1OawSdOmZ5AcU8c258HV7lO6zwmFiPpvNTPu3NEaugT5TKHdQc12eY6ZjqVpUn0+xOBU2kblG0KzhuVFQpk6optJTlla9Q7Uwyjaydc0fRgqqo0YHFFUpCX7qS7FeJFg5pG28ImkxCWet5xwRrbWG7SctsvMp1qY0TeNkgozuR0RPdzr/dN73LE4tiNiJmdI9E+zuDmkjUGM5j4JvGU3tEUa5O07O0bfVEh8RkosBHzUL60H375+SGxXSGcg4PUDcQmTM76HpzUdKpOsdP6KduaDqIVyRva1wzzlSWG7hM5jlxVhYrAXHT75rQ2SwhmZ1+CrgxZcrqPRPLOEOX2V7LrqECHAcoJjzxLiu8QG4SXpL6ZjMf3Mj5yuu+6lnfiYZB9ppMtcOnHmvS+zPamlXaGgwRrTdq3+U7jovHq7h+RDCuGkOAc0jMFpII5grVOEZqmIm4u0fStF5b4m6HfUI+jaw7XIrxDs3+0p9GG1pc3TGIxR+pujvivTbov6zWpodTqNB4tzbPAt1aopZMXl5Q72T74ZoLXYWVNRnsRr/VZ68riOuoG7dR5K4bVezPVvEZt92iJo21ruSV+Dm+GFb8fyjDizPZMeIc9f7plOuSTIhby0WJlTUCeI19d1UWu4Dq0tI4OEHyKjLT5IdclI5oSfsULqmWnpuqi8rY4Dw5ddPccyre8LrqMGhzI109VTVbE5uufMcts1g1EskI2kaMajJ0A2V73HNkDjx+iJLOEf31RlMjDmM/ohnleNkfJugivrlxdhwyOOikptjhpope9biLZ8QEx1+K68N04+Xki5elBSXZG2nz57z/ZTQn93AUdOyw4nMzrJy8gk3JhGlihq2cHr7+iODU3u990VOgFbUpgeSjdSGnqj6llBzOxkJOpffkqLIhSu7rknCkiHtgcYVba7Y5jsIaDlM+s/BVjc+gSairYY5pAMATzyUrBxUVntIcJjXNENfOmfGM/gkafVAv1RJTGaMFHIJUKLR19+2ilqVInltOeaeGJsWUkQd0VPRrPaCA6AdsvNS0XAgHiP6J1J5xYcDupOyK08r4A5quR1Ks865qO21MLcmlx2AkmeuwVxZLrqPOhjloryy9nwM3QOmZ9St+nwZXVJshlyQS5ZjLrpVXkeAgEDMzJPJvBbC77lOrsviforalQp0xkAOJOvqhbTejRk3PnsvRWkgnuy/sY/GlVQDWNawZQBxQVovDZnm46KhvG+mgw5xJ/I3M+mjfNYXtR2zY0Frnf9qmZJ/nePh8VoU21txqkJtSdyds2to7R2Nri11UlwOZEkT5BJeIVO19afCWsbs0NyA4JIfbr3D4j9iKpUqDihqloO7UZUrv5HqFyjSq1AcFIujXCJ8uvJVs6itfXb+VdslvNN2Om9zHDdpj+4UtamcAeWw0ktBJb7Q1BEy3zAQToOkeRXWCj0Ds9+1KtSgVRjG7mwHebdD7l6PcvbWxWqPEA/l4XebTr7188UrK5+LCJwNLneJoIa0SSASCYAJgSo+7OHGNA4NmRIcQSMpnRpzQlCM+0BNx6Pq+m2RNKo1/LQrptz2+2w/fRfNV29rrbZiAKpgBpDaniGFwDmkGZAIIOu63NzftkcIFemeZb4h6aqfhzj5JfuNui/Mj15t7UjkTHUJtWxUKuw6tMfBZe7e313WiAXNDjtMH0dBV7QNB2dKsB1yQc5/wC5CzlGP9sqIbR2YpH2SR98lV2jss8ThdPp84WiqWauM2PDh6qE2ys32qYPTJY8mn0eTtUXhlzw6dmOtfZ+o04u7JPIZoI0iDBaR1adlv23u38THD3/AAUn8RoHJxA6hZ5fSsUvJk/crHWTXmiYFgTnkAbLeGjZn/kPooqly2Z34R5Ej4LO/omW/wAZJjvXQfaaMBjPBPE7rbHs3Z+B/wCRXD2Zo8Xeqm/o2p+P3Ojrca7bMM/XnwXI4+i3J7MUeLvVRDshZ/1zxxZor6Pqfj9xvvsRhqlKdzpyQT7LqDOWUn3wBovTm9nbONiepUv8HswzLB5lWh9J1K9V+4stbifozyyjSDBABO233COslmP4abtNgvRy2yt1FMdSnNvSzj2S3/aFoX0prmU0SesvqJjaN22h48NIjqfoFbWTsxUd7YA31hXzr6ZtPwQtbtCBJlojMyecfNaI6PBDzSsm8+WXSofZOzLW6nyGnvVjTsFGnnA6nP4rLWrtgzaoXHgwEqotXad5zayP1VHAD0V4LEvJCyct780qPQal4sbpn0VXbu0AaJLmtHMry+9O2bWyH2kD9NESekrK27tyJ/waUn89UyfRW/1X8E6gvk9XtnabF7AL/wBR8LPU/JZG++2rGSHVcR/JRyHm/X4LzW339Xrf5lQxwGTfQIAELo4orl8hc2/g0V6drqtUFrP8Jh2bqerlRY5/EfNNACcGD7KoKO/3JLndjmkuOCzbnbmeufyVpYb8Y2kWVO8bBcQ6lqcQiD4m8ec+HTDnxJLSG3Mjtd603sdi7zE6sapaGtww7LAKhqTpniw67I9t7GvWoiz43VGvqSHy2aL2sxMxuqvOQa7SB4pAnVJIgsr7ReFMVqjXuqBlOm+zUgGte7CGOpYjL2gGSXQJ9ojKEELVT7h1I1KpPeB7G4B3YLQ9v+r4S4ObJDTEbpJLjgupfLXvpVKlWu4sDAWmYa5lIML2u70Ekua1xjCSCcwc1FeduoVqzXONXD3eF7g0Yy9uLCRjqOkGWjN0wEklwBt33qGUmt7yrTILy4Ug0tq4wAA/E4aQRmHCDlnra3d2tFIgtqVw2KY7tobgpBjYPdy/xSRwbk4zJSSROLBn7TrSwN7tznEe1jGGR3dMe01xzxNqHTRw6LQ3d+2Xwjv6b8QP4Q14jKMyWkZykkg0n2cXdh/a1YqntMOIxIwED1E8Vc0O1dhq/hf5D6hJJD7bHLtBeSS9Qtlvsp9l7h1afkE9wpOGVQHPLwuHySSUp6aEVxY8cjfYysAPxHfc7hAPtUGMbxkNCdR58kkllnadWyyIKl4w0jHUnOM8/WUF/EzOdSrHU/VJJT5b7YfQab5GJ3iqEHTMiM5iA4Zeaj/i4h2T8y4xOWYgZ4sukFdSWrHiUu2ycptEVW+RhAgNIw6gnDGpBxfIIK19sGteS6sQwzkKZDgDOmZBIyPNJJaFp4Ii8sisqftEs/ixOrOOIuEAwQQAGEY25DnOpVXW7e0u6c1rKmIsa1rHgOYHNLTiJx7wTMTJ3SSTbYrpHW2Z2v2vtLsmuawfoAHvVTabfVfm+o93Un4JJI2AgDwu4wkkuOHBzU6W8UkkDjoaOKeGJJLjhYEkklwT/9k='),(33,'Caldo Verde',10,2,1,-2,0,NULL,1,'https://encrypted-tbn0.gstatic.com/images?q=tbn:ANd9GcQFb91n9Rv-qvGsS0uBJC0JEbYIfJXyU8Ha1Q&s');
/*!40000 ALTER TABLE `produtos` ENABLE KEYS */;
UNLOCK TABLES;

--
-- Table structure for table `usuarios`
--

DROP TABLE IF EXISTS `usuarios`;
/*!40101 SET @saved_cs_client     = @@character_set_client */;
/*!50503 SET character_set_client = utf8mb4 */;
CREATE TABLE `usuarios` (
  `id` int NOT NULL AUTO_INCREMENT,
  `username` varchar(100) COLLATE utf8mb4_unicode_ci DEFAULT NULL,
  `senha` varchar(255) COLLATE utf8mb4_unicode_ci DEFAULT NULL,
  `role` varchar(50) COLLATE utf8mb4_unicode_ci DEFAULT NULL,
  PRIMARY KEY (`id`),
  UNIQUE KEY `ix_usuarios_username` (`username`),
  KEY `ix_usuarios_id` (`id`)
) ENGINE=InnoDB AUTO_INCREMENT=8 DEFAULT CHARSET=utf8mb4 COLLATE=utf8mb4_unicode_ci;
/*!40101 SET character_set_client = @saved_cs_client */;

--
-- Dumping data for table `usuarios`
--

LOCK TABLES `usuarios` WRITE;
/*!40000 ALTER TABLE `usuarios` DISABLE KEYS */;
INSERT INTO `usuarios` VALUES (1,'admin','43r0moc@','admin'),(2,'RTSYSTEM','43r0moc@','admin'),(3,'ADM','toca@2026','admin'),(4,'CAIXA','toca@2026**','venda'),(5,'ATENDIMENTO1','toca@2026**','venda'),(6,'ATENDIMENTO2','toca@2026**','venda'),(7,'ATENDIMENTO3','toca@2026**','venda');
/*!40000 ALTER TABLE `usuarios` ENABLE KEYS */;
UNLOCK TABLES;
/*!40103 SET TIME_ZONE=@OLD_TIME_ZONE */;

/*!40101 SET SQL_MODE=@OLD_SQL_MODE */;
/*!40014 SET FOREIGN_KEY_CHECKS=@OLD_FOREIGN_KEY_CHECKS */;
/*!40014 SET UNIQUE_CHECKS=@OLD_UNIQUE_CHECKS */;
/*!40101 SET CHARACTER_SET_CLIENT=@OLD_CHARACTER_SET_CLIENT */;
/*!40101 SET CHARACTER_SET_RESULTS=@OLD_CHARACTER_SET_RESULTS */;
/*!40101 SET COLLATION_CONNECTION=@OLD_COLLATION_CONNECTION */;
/*!40111 SET SQL_NOTES=@OLD_SQL_NOTES */;

-- Dump completed on 2026-07-07  5:00:03
